Day,[TACC STAMPEDE] Number of Jobs Running,[PURDUE STEELE] Number of Jobs Running,[NICS KRAKEN] Number of Jobs Running,[PURDUE CONDOR] Number of Jobs Running,[SDSC GORDON] Number of Jobs Running,[SDSC TRESTLES] Number of Jobs Running,[TACC LONESTAR4] Number of Jobs Running,[PSC BLACKLIGHT] Number of Jobs Running,[GATECH KEENELAND] Number of Jobs Running,[TACC LONGHORN] Number of Jobs Running,[NICS NAUTILUS] Number of Jobs Running,[TACC RANGER] Number of Jobs Running,[GATECH KIDS] Number of Jobs Running
2013-02-01,6397,5781,3582,5076,606,1114,582,177,116,14,33,1226,0
2013-02-02,7676,4832,2297,7960,441,2740,349,123,90,4,58,1113,0
2013-02-03,9028,2344,2474,40,436,503,561,103,63,8,39,792,0
2013-02-04,10563,6719,2787,10394,1077,2025,666,217,102,26,29,483,0
2013-02-05,9034,4452,2796,14167,1270,1433,634,194,90,23,41,142,0
2013-02-06,9340,5679,3302,10614,1334,1578,530,214,85,32,53,84,0
2013-02-07,10083,7240,2966,7780,756,1689,627,145,122,65,76,127,0
2013-02-08,10063,7331,2250,736,746,1296,608,193,103,47,58,8,0
2013-02-09,6469,7508,2873,20,521,1672,389,135,30,32,15,2,0
2013-02-10,5503,11391,2604,24,278,460,382,197,2,51,26,2,0
2013-02-11,4457,8085,3299,583,543,1489,662,207,59,44,51,1,0
2013-02-12,964,11243,1857,30,497,2589,654,229,104,42,37,0,0
2013-02-13,3099,12819,2736,1090,1236,2097,460,209,79,90,56,0,0
2013-02-14,5204,7387,694,38447,1482,2034,582,169,121,51,87,0,0
2013-02-15,10487,6942,1552,112,550,1950,528,238,102,38,110,0,0
2013-02-16,9332,20861,1726,87,501,1299,414,51,69,29,28,0,0
2013-02-17,14873,22123,1880,76,721,1004,330,183,69,53,30,0,0
2013-02-18,13084,13460,1767,501,702,1425,355,248,48,27,47,0,0
2013-02-19,14136,2882,1795,303,721,1359,737,301,75,46,102,0,0
2013-02-20,6368,7003,2138,570,1081,1278,719,372,56,59,56,0,0
2013-02-21,12150,9518,261,13618,780,1953,470,368,72,52,72,0,0
2013-02-22,4933,7637,1518,20357,747,1581,406,312,92,54,46,0,0
2013-02-23,3959,4938,1815,5500,445,1754,389,204,57,34,52,0,0
2013-02-24,8248,9950,1410,20,554,1288,499,316,71,19,25,0,0
2013-02-25,6416,7331,2229,6145,625,850,589,319,64,11,11,0,0
2013-02-26,1133,11617,2453,14014,1411,1094,167,324,57,22,119,0,0
2013-02-27,3103,10399,2388,186,639,1599,529,582,78,30,65,0,0
2013-02-28,3864,16997,3218,56,903,1977,542,820,85,27,80,0,0
2013-03-01,2086,11770,2696,188,986,1914,469,401,94,14,74,0,0
2013-03-02,1678,4110,1645,35,721,1542,473,305,57,20,68,0,0
2013-03-03,2273,11047,1585,34,807,1023,307,29,62,25,33,0,0
2013-03-04,4054,8798,3158,30,1118,904,604,238,61,27,60,0,0
2013-03-05,3057,5497,4337,32,926,757,687,471,96,19,41,0,0
2013-03-06,3416,9058,3663,37,1421,620,760,509,105,15,28,0,0
2013-03-07,5928,6402,4364,49,1091,853,870,593,85,38,51,0,0
2013-03-08,6851,3689,2371,1020,1258,907,726,230,98,15,55,0,0
2013-03-09,8565,2520,1498,29,606,552,845,121,76,27,11,0,0
2013-03-10,7860,5365,849,28,202,120,1049,142,17,35,3,0,0
2013-03-11,6743,9695,954,742,824,1103,1034,170,40,43,40,0,0
2013-03-12,4932,4766,2582,2633,871,744,1411,98,87,57,59,0,0
2013-03-13,3712,7917,2062,215,585,1477,867,167,97,45,39,0,0
2013-03-14,2931,6974,686,1011,704,2144,729,293,78,43,39,0,0
2013-03-15,2599,5732,2182,1025,535,1866,520,199,35,28,22,0,0
2013-03-16,1826,8317,1343,62,1096,989,353,178,42,25,36,0,0
2013-03-17,2197,9516,1163,13060,711,2830,357,210,85,27,83,0,0
2013-03-18,1727,6512,1648,10387,516,3411,557,236,41,31,49,0,0
2013-03-19,1192,7625,3109,690,1360,1491,634,261,2,24,0,0,0
2013-03-20,3307,11029,1368,2790,457,1980,855,287,0,22,0,0,0
2013-03-21,2853,8347,1824,6332,808,1814,624,300,0,24,0,0,0
2013-03-22,4392,8686,1689,968,1014,3968,428,215,0,27,0,0,0
2013-03-23,3144,6850,1069,1254,1367,2831,474,198,72,82,28,0,0
2013-03-24,2785,8206,1194,4485,1802,2695,438,196,71,84,40,0,0
2013-03-25,7016,8142,2042,331,1053,2229,1058,230,25,80,31,0,0
2013-03-26,2956,8681,1701,1532,1144,1500,424,324,51,68,45,0,0
2013-03-27,2883,7646,1031,711,751,1385,518,232,148,83,28,0,0
2013-03-28,3680,7694,1291,1714,1192,871,522,239,152,52,33,0,0
2013-03-29,2707,6724,1853,5352,1665,768,1550,216,85,35,57,0,0
2013-03-30,2036,7964,2021,5588,1763,1593,774,176,340,33,52,0,0
2013-03-31,6337,8256,1860,209,523,605,539,153,186,30,18,0,0
2013-04-01,5573,7274,2043,1121,1462,1113,506,182,186,62,3,0,0
2013-04-02,2128,5050,2297,9570,1441,1105,772,513,128,76,32,0,0
2013-04-03,6088,5557,2654,6441,1244,1231,791,445,187,44,25,0,0
2013-04-04,6485,8966,2782,3349,1961,975,964,260,181,53,33,0,0
2013-04-05,11673,6345,1884,64,2478,2003,1019,194,173,84,10,0,0
2013-04-06,4659,9260,1757,6402,1963,716,470,164,138,54,26,0,0
2013-04-07,4494,5055,1873,57,1284,917,511,95,136,68,20,0,0
2013-04-08,5189,5048,2599,3237,1447,1288,980,140,147,47,68,0,0
2013-04-09,4706,3683,2282,10149,1750,1559,456,96,53,71,60,0,0
2013-04-10,5819,9583,2738,7360,1490,1310,859,304,84,87,55,0,0
2013-04-11,8199,7382,2715,4793,1370,2726,1242,323,94,76,61,0,0
2013-04-12,6258,6075,3068,6594,2906,3018,1387,129,97,67,36,0,0
2013-04-13,4742,5037,2779,10526,1416,2657,440,170,213,41,15,0,0
2013-04-14,3272,4869,2990,8237,882,4506,864,272,202,17,19,0,0
2013-04-15,3817,4845,3018,7437,1966,891,926,336,191,17,58,0,0
2013-04-16,1902,5419,2906,1001,2328,1104,722,489,134,19,64,0,0
2013-04-17,5463,5718,3329,7218,1422,2902,885,511,155,32,60,0,0
2013-04-18,6127,6971,2465,9845,1790,1900,1135,530,78,29,108,0,0
2013-04-19,5068,5213,2591,9609,1436,1261,1240,257,109,14,72,0,0
2013-04-20,4355,5737,2204,9298,1373,1960,1502,223,88,35,22,0,0
2013-04-21,4540,8982,1924,360,1008,978,1260,118,49,42,39,0,0
2013-04-22,5018,4549,3007,3448,1358,1535,1099,268,164,31,26,0,0
2013-04-23,3349,5115,3848,2156,835,1660,1210,437,107,34,53,0,0
2013-04-24,2969,3188,4310,9959,999,1546,815,405,248,27,42,0,0
2013-04-25,3041,5235,3709,10165,1133,1331,1025,404,343,18,63,0,0
2013-04-26,3107,4804,2710,6461,1504,1107,978,895,195,17,47,0,0
2013-04-27,7435,4951,1614,6560,663,1775,919,540,643,51,33,0,0
2013-04-28,6099,4042,3234,290,400,1885,978,486,200,82,11,0,0
2013-04-29,4351,4256,4526,277,489,1302,1077,463,181,115,16,0,0
2013-04-30,1546,5198,4647,714,353,897,1163,486,269,61,9,0,0
2013-05-01,2372,3483,4116,4767,895,805,1067,297,372,161,29,0,0
2013-05-02,10584,4040,8896,276,1311,693,942,50,181,127,28,0,0
2013-05-03,9248,3072,3625,446,1707,805,1053,213,202,78,48,0,0
2013-05-04,4942,4502,3293,9788,1312,927,606,222,157,102,13,0,0
2013-05-05,6645,2947,3255,183,1137,727,517,182,171,86,23,0,0
2013-05-06,5920,3096,13406,7077,1510,665,572,234,192,68,59,0,0
2013-05-07,1942,2021,10760,3083,1227,2170,569,165,220,63,49,0,0
2013-05-08,5668,1468,3377,1676,719,1758,1044,238,157,83,74,0,0
2013-05-09,5867,3095,2637,1353,1791,1626,1017,226,243,68,43,0,0
2013-05-10,1349,4470,2282,7957,2496,1364,1282,115,225,65,46,0,0
2013-05-11,6473,5082,2846,3727,1599,946,904,151,173,101,24,0,0
2013-05-12,6080,5773,3731,3412,2494,445,495,185,182,122,43,0,0
2013-05-13,6742,4132,2163,451,3414,1018,584,185,70,65,96,0,0
2013-05-14,1925,2308,3653,321,3029,1106,659,201,178,65,104,0,0
2013-05-15,6373,3546,8514,186,2478,1859,954,231,262,63,63,0,0
2013-05-16,6700,2803,6437,370,1833,3351,1008,204,197,65,59,0,0
2013-05-17,5390,3439,3171,216,1412,1122,771,118,172,26,29,0,0
2013-05-18,2412,2888,3470,1044,983,488,619,73,218,6,45,0,0
2013-05-19,5753,3332,4529,1067,958,431,646,44,281,2,30,0,0
2013-05-20,7153,2244,4500,221,2189,1145,855,237,201,1,36,0,0
2013-05-21,4778,2097,7097,115,2240,800,732,163,124,3,98,0,0
2013-05-22,6461,4052,5437,75,2699,1126,706,150,101,3,72,0,0
2013-05-23,10142,19645,4682,125,5305,956,767,67,232,4,29,0,0
2013-05-24,7324,2274,3923,69,3433,850,849,205,257,8,16,0,0
2013-05-25,2504,392,2349,33,2545,578,569,118,156,2,9,0,0
2013-05-26,2777,1139,3476,226,2315,753,1053,144,143,0,17,0,0
2013-05-27,4944,659,4605,210,1474,772,576,146,80,2,20,0,0
2013-05-28,7140,1156,3327,80,2344,1011,587,143,2,20,75,0,0
2013-05-29,8778,3839,5870,4126,3099,1068,879,159,88,10,57,0,0
2013-05-30,6830,4103,5519,4020,3030,1568,863,265,194,5,45,0,0
2013-05-31,2983,5108,3795,70,2729,1279,658,260,139,7,66,0,0
2013-06-01,0,3593,3626,145,916,1017,698,172,101,21,32,0,0
2013-06-02,968,3110,4721,83,621,1082,460,57,54,19,20,0,0
2013-06-03,4075,3180,5029,87,1399,2628,809,132,439,23,20,0,0
2013-06-04,6285,2308,5274,6017,1804,1721,746,204,277,20,51,0,0
2013-06-05,5931,3190,4964,23502,2189,2884,855,122,586,28,47,0,0
2013-06-06,6589,4369,4978,9563,1579,2359,924,170,356,33,55,0,0
2013-06-07,5043,1952,3387,8318,3002,2831,1017,123,441,255,62,0,0
2013-06-08,4943,3360,1582,195,6128,845,796,112,393,249,34,0,0
2013-06-09,4047,4002,1957,105,6615,571,1072,89,160,164,106,0,0
2013-06-10,5354,3734,4324,386,4177,1079,821,278,1,259,35,0,0
2013-06-11,5662,1975,3710,1794,1923,1376,305,170,0,207,40,0,0
2013-06-12,5631,6823,5020,9592,2758,1243,544,198,0,87,86,0,0
2013-06-13,7377,3282,1926,237,3986,1233,555,109,338,9,50,0,0
2013-06-14,10911,1903,4930,213,3480,1753,658,143,487,3,41,0,0
2013-06-15,8953,2655,2836,360,3319,1404,331,133,563,2,25,0,0
2013-06-16,7038,3640,2323,2602,2089,990,259,117,379,1,19,0,0
2013-06-17,4535,2324,2283,9180,1558,1058,756,427,226,16,21,0,0
2013-06-18,4628,3712,4609,4826,2038,1291,1229,376,239,31,58,0,0
2013-06-19,6107,3991,4567,2380,1881,1469,1437,327,331,66,75,0,0
2013-06-20,5246,5092,3496,2491,2102,1779,1048,175,860,22,35,0,0
2013-06-21,3802,3898,4899,4906,1857,770,749,130,292,28,46,0,0
2013-06-22,5384,2029,3320,2019,1721,1031,534,128,158,31,2,0,0
2013-06-23,5044,2001,3063,266,3007,1093,650,99,136,11,7,0,0
2013-06-24,4550,3247,4518,370,2141,875,1447,189,136,27,57,0,0
2013-06-25,766,2238,5480,146,2530,1195,1095,218,278,22,53,0,170
2013-06-26,4409,1382,7306,1924,1423,1546,1439,206,519,0,24,0,0
2013-06-27,7230,2017,2689,164,1613,2020,942,193,362,8,37,0,0
2013-06-28,4915,1567,6682,511,1973,1898,485,368,437,20,43,0,4
2013-06-29,6951,2352,3709,234,1834,547,135,54,236,50,12,0,0
2013-06-30,7992,2573,3136,150,3023,711,498,36,129,68,15,0,0
2013-07-01,6969,2925,6340,228,1933,1132,551,431,160,27,46,0,2
2013-07-02,4263,2943,6347,1502,1018,1210,614,271,104,25,50,0,5
2013-07-03,3719,1651,5516,1863,1523,1395,780,647,138,34,52,0,37
2013-07-04,3141,3826,4347,1340,1456,941,880,128,129,20,29,0,27
2013-07-05,4437,3517,4788,376,2343,810,652,226,127,308,52,0,28
2013-07-06,4797,3500,2549,2542,1323,511,1197,364,53,20,42,0,29
2013-07-07,4843,3553,2672,773,724,334,1513,191,87,16,15,0,24
2013-07-08,5240,2991,3905,861,1439,618,931,133,137,70,59,0,30
2013-07-09,4372,3040,3103,659,1217,888,473,65,86,60,33,0,115
2013-07-10,3773,3384,3007,1723,790,1060,439,41,158,92,24,0,34
2013-07-11,3290,3873,4027,1227,617,1365,511,288,124,21,38,0,49
2013-07-12,3770,3866,5049,625,573,1108,464,148,147,6,34,0,66
2013-07-13,4617,2370,3964,2588,1060,390,450,127,129,4,26,0,30
2013-07-14,3672,2381,3804,3659,845,547,644,132,82,4,28,0,0
2013-07-15,5012,2159,4168,2991,1081,1487,419,208,34,46,31,0,19
2013-07-16,6071,1298,3138,850,955,1729,380,200,93,16,60,0,17
2013-07-17,9030,1764,3523,235,832,2203,451,207,200,56,59,0,32
2013-07-18,6888,2638,3456,210,855,1208,528,73,666,45,41,0,19
2013-07-19,7997,4567,3332,36,823,1134,572,94,409,17,39,0,2
2013-07-20,7876,7767,1873,4371,524,1043,651,46,38,10,28,0,15
2013-07-21,7360,1977,3056,8449,701,1316,539,94,182,10,27,0,31
2013-07-22,8295,4882,2993,4092,769,1988,613,193,201,10,71,0,17
2013-07-23,1653,2034,1801,30,447,847,530,136,38,37,100,0,8
2013-07-24,3766,1671,2328,24,1036,838,630,165,22,59,19,0,8
2013-07-25,7205,3236,1342,24,1130,1373,582,238,62,32,50,0,31
2013-07-26,8766,3392,1918,28,832,1013,429,352,144,32,66,0,52
2013-07-27,7086,5151,2672,36,1186,961,314,154,212,30,21,0,29
2013-07-28,6408,4879,2821,36,1128,475,515,155,167,20,21,0,26
2013-07-29,15291,5699,3012,24,1630,948,584,207,144,34,29,0,10
2013-07-30,8215,3681,2967,29,1837,3981,450,251,30,36,8,0,0
2013-07-31,28454,5452,3308,77,2021,1770,373,260,43,36,22,0,0
