Day,[40] Wait Hours: Per Job,[67] Wait Hours: Per Job,[64] Wait Hours: Per Job,[22] Wait Hours: Per Job,[52] Wait Hours: Per Job,[48] Wait Hours: Per Job,[12] Wait Hours: Per Job,[58] Wait Hours: Per Job,[53] Wait Hours: Per Job,[7] Wait Hours: Per Job,[39] Wait Hours: Per Job,[24] Wait Hours: Per Job,[55] Wait Hours: Per Job,[26] Wait Hours: Per Job,[3] Wait Hours: Per Job,[15] Wait Hours: Per Job,[56] Wait Hours: Per Job,[31] Wait Hours: Per Job,[35] Wait Hours: Per Job,[4] Wait Hours: Per Job,[5] Wait Hours: Per Job,[8] Wait Hours: Per Job,[42] Wait Hours: Per Job,[16] Wait Hours: Per Job,[20] Wait Hours: Per Job,[50] Wait Hours: Per Job,[6] Wait Hours: Per Job,[32] Wait Hours: Per Job,[18] Wait Hours: Per Job,[28] Wait Hours: Per Job,[60] Wait Hours: Per Job,[21] Wait Hours: Per Job,[30] Wait Hours: Per Job,[13] Wait Hours: Per Job,[14] Wait Hours: Per Job,[38] Wait Hours: Per Job,[19] Wait Hours: Per Job,[43] Wait Hours: Per Job,[49] Wait Hours: Per Job,[9] Wait Hours: Per Job,[11] Wait Hours: Per Job,[17] Wait Hours: Per Job,[46] Wait Hours: Per Job,[25] Wait Hours: Per Job,[54] Wait Hours: Per Job,[2] Wait Hours: Per Job,[70] Wait Hours: Per Job,[72] Wait Hours: Per Job,[45] Wait Hours: Per Job,[41] Wait Hours: Per Job,[1] Wait Hours: Per Job,[36] Wait Hours: Per Job,[27] Wait Hours: Per Job,[62] Wait Hours: Per Job,[34] Wait Hours: Per Job,[57] Wait Hours: Per Job,[44] Wait Hours: Per Job,[65] Wait Hours: Per Job,[29] Wait Hours: Per Job,[23] Wait Hours: Per Job,[63] Wait Hours: Per Job,[59] Wait Hours: Per Job,[10] Wait Hours: Per Job,[61] Wait Hours: Per Job,[47] Wait Hours: Per Job,[68] Wait Hours: Per Job,[37] Wait Hours: Per Job,[33] Wait Hours: Per Job,[66] Wait Hours: Per Job
2016-02-01,100.26527000,0,0,0.00000000,0,0,0.35671786,0,0,0,0,0.00242500,0.00000000,0,4.11719444,0.00000000,0,0,0,0.21035045,1.04195000,5.38847119,0.02070000,1.97650000,10.65352667,0,7.90323333,0,0.14750000,0,0,0,0,0,3.93015000,0,0,0,0,4.67280000,1.31045000,0.00000000,0,0.03535000,0,0.57107615,5.15625000,0.38150000,0,0,2.98962010,0,0,0,0,0,0,0,0,0,0,0,0.87602857,0,0,0,0,0,0
2016-02-02,223.83313333,40.87625000,0.29060000,5.85970000,0,0,7.05198462,0,0,0,0,0.01222500,12.36265000,0,6.71685556,0.00000000,0,0,0,3.69640000,2.24902500,9.61332927,25.55165000,11.42355625,14.02172500,5.57420000,11.89942500,0.00000000,0,6.97390000,0,0,0,0,0.00000000,0,0,0,0,4.83223333,0.00000000,0,0,2.99979000,0,0.87899847,3.81005556,2.98230000,0,0,1.43020594,0,0,0,0,0,0,0,0,0,0,0,7.02653810,0,0,0,0,0,0
2016-02-03,62.76993333,0,0,7.97110000,0,0,59.50150000,0,0,1.74621429,0,0.27097500,0.00000000,0,6.76035789,6.65843333,0,3.74080000,0,1.50445070,0.93751667,12.62112609,3.90330000,10.05313333,0.06535000,1.75530000,4.53471875,0,0.12070000,2.93110000,0,0,0.09140000,0,0.00000000,0,0,0,0,0.69376522,0.00000000,0,0,5.14930000,0,0.70965427,1.75970000,3.03630000,0,0,3.64855867,0.78390000,0,0,0,0,0,0,0,0,0,0,3.09752459,0,0,0,0,0,0
2016-02-04,9.93990000,0,0.64960000,0.00000000,0,0,7.98824658,0,0,0.00000000,0,2.28546667,0.00000000,0,5.63298750,14.96620000,0,1.67310000,0,5.28354583,0.68589355,3.12729216,0.52580000,0.43272667,1.14016000,3.70610000,4.16260000,0,0,0.00000000,0,0,0,0,0,0,2.93440000,0,0,0.17646857,5.86310000,0,0,0,0,1.03596731,0,3.05155000,0,0,1.11805810,0,0,0,0,0,0,0,0,0,0,0,7.31774203,0,0,0,0,0,0
2016-02-05,339.49676667,0,0,0.00297143,0,0,12.59231364,0,0,0.00198333,0,11.37170000,0,0,5.52212222,28.80371333,0,8.01360000,0,2.26528421,1.04862000,7.45961875,0,2.84960833,0.00366000,0.00260000,0.00351000,0.00000000,0.00070000,0.00000000,0,0,0,0,11.26420000,0,0.09220000,0.09743333,0,0.02132500,0.00170000,11.41110000,0,0,0,0.55072929,0,0.22021667,0,0,8.25802752,0,0,0,0,0,0,0,0,0,0,0,1.44773425,0,0,0,0,0,0
2016-02-06,0.00000000,0,0,0.00295455,0,0,3.00778462,0,0,0.00353750,0,0.00000000,0,0,0.00332500,9.72840000,0,0.00610000,0,1.86708387,0.00228000,0.00282800,0.24650000,0.13500000,0.00270000,0.00750000,7.99517143,0,0.00000000,0,0,0,0,0,0,0,0.00080000,0.01842941,0,0.00341000,0.00000000,0.00000000,0,0,0,0.00336697,0.00210000,0.00291667,0,0,8.63988925,0,0,0,0,0,0,0,0,0,0,0,0.00361304,0,0,0,0,0,0
2016-02-07,0.00000000,0,0,0.00000000,0,0.00220000,0.00187500,0,0,0.00353333,0,0.00030000,0,0,0.00268333,10.80972000,0,0.00000000,0,1.87681333,0.00000000,0.00325000,12.99470000,0.12463333,0.00341667,0.00000000,0.00284500,0,0,0,0,0,0,0,0,0,0,0.38117500,0,0.00330000,0.00220000,0.00000000,0,0,0,0.00291860,0.00000000,0.00285714,0,0,15.55821816,0,0,0,0,0,0,0,0,0,0,0,0.00248333,0,0,0,0,0,0
2016-02-08,0,0,0,0,0,0,0.00360000,0,0,0,0,0,0,0,88.81875000,0,0,0,0,6.16896486,0.00000000,0.00282308,0,0.10045000,0.00276667,0,0.00000000,0,0,0,0,0,0,0,0,0,0,0,0,0.00000000,0.00000000,0,0,0,0,1.83664882,0,0.00332500,0,0,33.71135669,0,0,0,0,0,0,0,0,0,0,0,0.00473636,0,0,0,0,0,0
2016-02-09,490.24900000,0,0,81.77235000,0,0,58.14503333,0,0,49.47875000,0,0,0,0,46.10654286,0,0,0,0,67.34668667,74.41310000,47.66260000,83.63420000,0,51.87305000,0,52.56827778,0,0,49.08220000,0,0,0,0,0,0,0,46.40330000,0,0,55.59190000,0,0,0,0,86.00794222,0,35.37320000,0,0,82.79989785,0,0,0,0,0,0,0,0,0,0,0,49.79776667,0,0,0,0,0,0
2016-02-10,67.95118000,0,0,0.00920000,0,0.76890000,0.68414000,0,0,0.00235000,0,0.05933333,0,0,0.00343448,1.85976667,0,0,0,1.92883269,0.00328276,2.00795625,0.83735000,6.26880000,0.82536667,0.31030000,3.88602857,1.62316667,0.09687500,1.27672500,0,0,0.14305000,0.00193333,0.00140000,0,0,0.02872000,0,0.00305000,0.00332727,7.05690000,0,0.37445769,0,1.46653180,0,0.68607692,0,0,0.89499532,0.00415000,0,0,0,0,0,0,0,0,0,0,0.69431579,0,0,0,0,0,0
2016-02-11,273.73805000,0,0,11.26835000,0,0,10.17798351,0,0,0.00000000,0,1.21634000,0,0,2.48823333,6.28762500,0,9.33280000,0,9.63131250,1.74255000,7.84671905,9.87140000,0.18270000,3.03965000,5.89580000,8.73717273,0.00000000,1.38745000,0,0,0,0,0.00000000,12.17440000,0,0,0.32280000,0,0.00720000,0.00000000,11.10190000,0,0.00000000,0,6.74075128,0,8.60955000,0,0,1.24608352,0,0,0,0,0,0,0,0,0,0,0,13.42172500,0,0,0,0,0,0
2016-02-12,1.98376667,0,2.20530000,0,0,0,4.73211538,0,0,0,0,0.35960000,0,0,7.80756458,27.07504286,0,6.27655000,0,5.21368049,1.72496667,24.11360714,2.57945000,0.22245000,3.57645000,0.53830000,0.00000000,0.00000000,0.00257500,0,0,0,6.38080000,3.69984444,0.37360000,0,0,0,0,3.33078333,0,0.05250000,0,7.20330000,0,4.99035582,0,0.95203333,0,0,2.30847290,0,0,0,0,0,0,0,0,0,0,0,10.83890556,0,0,0,0,0,0
2016-02-13,341.19606667,0,2.44670000,0,0,16.30250000,16.28378125,0,0,0,0,26.85830000,0,0,15.62640000,79.79390000,0,16.91110000,0,18.50377586,11.66420000,37.88976667,22.14845000,30.37426667,26.90960000,0,13.33316000,17.92012500,28.55036667,0,12.21830000,0,60.15220000,12.99353333,25.64853333,0,0,0.12390000,0,0,0,0,0,0,0,11.27720741,7.81235000,2.99470000,0,0,14.52369976,0,0,0,0,0,0,0,0,0,0,0,41.35191111,0,0,0,0,0,0
2016-02-14,4.33820000,0,1.23470000,0,0,0.00000000,37.97402500,0,0,0,0,0,0,0,9.95504839,53.70375000,0,16.61750000,0,10.04696154,18.89723333,0.00000000,4.91655000,23.48860000,20.38820000,0,18.57675000,5.41220000,22.71610000,0,2.83640000,0,0.00000000,19.49140000,0.00000000,0,0,0,0,0,0,0,0,0,0,11.80413591,12.67310000,7.61534000,0,0,2.83693892,0,0,0,0,0,0,0,0,0,0,0,26.03144000,0,0,0,0,0,0
2016-02-15,442.62375000,0,1.67330000,0.08396667,0,1.41813333,3.53178000,0,0,0,0,2.71600323,0,0,3.70765417,37.69461250,0,0,0,7.01242364,0.20307500,1.08795263,1.46320000,6.73788000,1.66590000,0,4.11580000,7.18300000,2.84870000,0,7.15468750,0,0.00000000,0.00000000,2.53000000,0,0,0,0,0,0,0,0,0,0,0.82675270,0.60500000,2.02619524,0,0,1.64185198,0,0,0,0,0,0,0,0,0,0,0,4.42082222,0,0,0,0,0,0
2016-02-16,3.91125000,0,0.00000000,6.68220000,0,7.98470000,9.05462857,0,0,0,0,5.25451892,0,0,6.77156471,10.84542500,0,4.69820000,0,2.74275532,2.41180000,22.97290000,23.97720000,6.81208000,22.70083333,0,4.28048000,0.13725000,14.66650000,0,0.00000000,0.09795000,0,7.47806667,0,0,0,0,0,0.01190000,0,0,0,1.08555000,0,0.84294249,0.00000000,1.72107333,0,0,5.37969632,0,0,0,0,0,0,0,0,0,0,0,15.96656190,0,0,0,0,0,0
2016-02-17,510.54262500,0,3.19875000,2.49190000,0,6.68643590,5.35178571,0,0,0,0,0.00000000,0,0,3.65081818,11.17117500,0,0,0,2.29581750,1.14124400,4.62308571,17.53420000,13.92322000,7.83402000,0,3.84716000,27.80400000,29.75370000,0,0,0.22015000,1.01310000,0.00000000,0,0,0,0,0,0.00000000,0,9.36170000,0,3.81166667,0,0.29174690,0,2.70497000,0,0,13.41644850,0,0.30485000,0,0,0,0,0,0,0,0,0,2.40040303,0,0,0,0,0,0
2016-02-18,695.27467500,0,0.00000000,0,0,12.96277879,15.94462667,0,0,0,0,19.72080000,0,0,6.28646667,37.60220000,0,0,0,10.70587397,1.07194286,3.66711053,9.79190000,4.05277778,25.44043333,0,15.82640769,0,37.44038000,0,0,0.00000000,0.00000000,0,0.04830000,0,0,5.88796667,0,4.03140000,0,20.10440000,0,0,0,2.78632959,0,13.37440000,0,0,11.72293554,0,0.00000000,0,0,0,0,0,0,0,0,0,6.24006364,0,0,0,0,0,0
2016-02-19,15.47330000,0,13.10610000,11.32637500,0,10.54063061,16.68722396,0,0,0.07725000,0,0.00000000,0,0,5.31111905,20.51551667,0,0,0,17.19920019,0.01375000,3.37022667,4.30310000,9.52213333,1.51705455,0,6.37593333,0,7.84892500,0,0,14.90650000,14.64500000,0,14.92220000,0,0,8.06280000,0,16.13280000,0,0.00000000,0,15.76772105,0,2.25308767,0,8.84305000,0,0,6.28414555,0,0.00000000,0,0,0,0,0,0,0,0,0,12.50435625,0,0,0,0,0,0
2016-02-20,4.51280000,0,2.22170000,0.67155000,0,9.30237692,5.35086875,0,0,0.00000000,0,0.00690000,0,0,1.15600000,23.22720000,0,0,0,6.71086711,0.46500000,0.69437222,0.00000000,16.52851667,19.00938000,0,9.51125000,4.18890000,5.75030000,0,0,3.72063333,0.00000000,0,3.98166667,0,0,0,0,0.00000000,0,0,0,0.00000000,0,0.62575938,0,3.03296667,0,0,5.97628164,0,0,0,0,0,0,0,0,0,0,0,9.64100000,0,0,0,0,0,0
2016-02-21,1.33712000,0,1.24640000,0.94472500,0,0.03345000,1.65447778,0,0,0,0,0.11777500,0,0,1.48385000,43.93540000,0,0,0,5.41237156,0.32133636,2.44470000,0,1.98911458,0.64460000,0,3.69313333,0.00000000,0,0,0,5.42390000,0.00000000,0,0,0,0,0,0,0,2.49750000,0,0,0,0,0.37466987,0,2.32345000,0,0,6.15807851,0,0,0,0,0,0,0,0,0,0,0,1.76078182,0,0,0,0,0,0
2016-02-22,3.13560000,0,0.02720000,5.71830000,0,27.45327500,18.17222000,0,0,0,0,3.42455000,0,0.02940000,0.39871200,4.20473333,0,0,0,5.88609296,1.69926000,0.45474815,0,0.62341429,2.73914286,0.51920000,4.12690000,1.44408000,0,0,0,1.90136667,5.87566000,0,5.88000000,0,0,0.29060000,0,0.88105000,3.92410000,0,0,0,0,0.69437356,0,4.20704000,0,0,3.18777415,0,5.45780000,0,0,0,0,0,0,0,0,0,0.57260625,0,0,0,0,0,0
2016-02-23,1.79845000,0,3.72190000,0.00207500,0,1.85296667,15.30977143,0,0,0,0,1.62040000,0,0.00030000,0.20175294,17.98875000,0,3.94500000,0,4.30486075,0.60373846,1.51491429,0.00670000,0.99920000,1.56315000,0.00000000,1.02319286,1.55445000,0,0,0,0.00000000,1.29384000,0,6.60103333,4.11920000,0,0,0,0.63250000,0.00110000,0,0,0.13978000,0,0.47480662,0,0,0,0,2.58187566,0.30530000,0.00830000,0,0,0,0,0,0,0,0,0,0.62354474,0,0,0,0,0,0
2016-02-24,0.00000000,0,0.11810000,0.48517143,0,18.11347692,4.91537200,0,0,2.43865000,0,21.17328000,0,0,2.38861724,16.24353333,0,0,0,5.31084272,3.08283500,1.81858387,0,2.23068571,4.85460000,2.77060000,6.12075714,2.72410000,0,0,10.00673000,0.00000000,2.67710000,0,2.07080000,0,0,0,0,0.00360000,0.00030000,0,0,1.07960435,1.16940000,1.16056403,0,0,0,0,1.63720144,0,0.00000000,0,0,0,0,0,0,0,0,0,2.83393000,0,0,0,0,0,0
2016-02-25,2.94948333,0,0.01220000,3.50338571,0,9.48727692,8.08273816,0,0,23.12220000,0,0,0,0,3.97693333,6.25845000,0,0,0,7.28792105,6.85025882,1.78741667,0,1.46847333,0.00000000,0.00000000,0.30350000,0,0,0,0.00000000,5.11735000,2.11390000,0,0.00000000,0,0,0,0,2.59580000,3.75560000,0,0,5.03036667,2.36500000,1.52476809,0,2.19744545,0,0,4.76805310,0,0.00000000,0,0,0,0,0,0,0,0,0,4.01805455,0,0,0,0,0,0
2016-02-26,3.73095000,0,3.73310000,12.77055000,0,14.00702857,0.49976000,0,0,6.33720000,0,0.57540000,0,0,11.82738462,4.76943333,0,0,0,1.81529318,11.07018182,1.51215833,0,0.49602308,6.61563333,1.97555000,2.76101176,0.41132857,0,0,0.00000000,0.00000000,0.00000000,0,0.00000000,0,0,0.46007500,0,4.98750000,0.00000000,0,0,2.57073333,0.00000000,14.98666113,0,1.22103333,0,0,19.66170492,0,0,0,0,0,0,0,0,0,0,0,0.31047600,0,0,0,0,0,0
2016-02-27,0.00000000,0,0.00000000,10.73792500,0,40.10546429,2.38035000,0,0,4.82695000,0,2.48860000,0,0,2.39861795,0.00030000,0,0,0,9.28330465,7.21970857,2.92772059,0,1.35685000,0.01918333,0.00250000,6.85465000,0.00030000,0,0,0,8.66796667,0.00040000,0,0,0,0,0.38560000,0,0,0.03085000,0,0,0.00928000,3.47915000,0.75569683,0,0.25687778,0,0,13.31216655,0.00242500,0,0,0,0,0,0,0,0,0,0,7.86168000,0,0,0,0,0,0
2016-02-28,0.00000000,0,0.08722500,0.00140000,0,30.04970000,5.04511333,0,0,0.03220000,0,50.14093226,0,0,0.00174412,0.00000000,0,0,0,0.00132623,16.52466316,0.00154286,0,0.02640769,0.00000000,0,0.00190000,0,0,0,0,0,0.00000000,0,0.00095000,0,0,0,0,0,0.00000000,0,0,0.00000000,0.00030000,0.00374054,0,0.00145000,0,0,4.52361975,0.00110000,0,0,0,0,0,0,0,0,0,0,0.00062222,0,0,0,0,0,0
2016-02-29,0.00140000,0,0.00640000,0.00055000,0,0.00110000,3.43475385,0,0,0.00250000,0,1.29640152,0,0,0.00255818,0.00000000,0,0,0,8.82962778,18.68481875,0.00500286,0,0.00191923,0.00390000,0.00140000,0.00200000,0.00085000,0,0,0.00235000,0,0.00000000,0,0.00060000,0,0,0,0,0,0.00297500,0,0,0.00176667,0.00765000,0.00189715,0.01080000,0.00416000,0,0,5.42260713,0.00000000,0,0,0,0,0,0,0,0,0,0,0.21321364,0,0,0,0,0,0
2016-03-01,3.35470000,0,0.19170000,3.88706667,0,0,1.80030741,0,0,0,0,9.26477143,0,0.26250000,0.36253778,0.30352000,0,0,0,0.26313373,0.26531333,0.00824935,0,0.11570303,0.20110000,0.07927500,1.41282000,0.24858485,0,2.94280000,0.00000000,0,0,0,0.00000000,0,0,2.20500000,0,0.00126364,0.53963333,0.00015000,0,4.46860000,0.15460000,0.15626279,0.18606667,0.06951071,0,0,2.60439497,0,0,0,0,0,0,0,0,0,0,0,0.27548500,0,0,0,0,0,0
2016-03-02,3.87136667,0,0.00000000,33.96420000,0,0,4.56106500,0,0,5.28310000,0,4.41546410,0,0.00000000,1.63412626,0.98333000,0,0,0,4.15184556,6.28692000,0.92695938,0,1.95180667,0.08939091,1.37416667,5.07543077,2.02660000,0,0,1.85560000,0,0,0,0,0,0,0.15930000,0,0,3.62404000,0,0,3.91515000,3.80000000,1.08742062,2.12500000,1.54003000,0,0,9.99163793,0,0,0,0,0,0,0,0,0,0,0,2.72310000,0,0,0,0,0,0
2016-03-03,0.26946000,0,0.22430000,0.23667500,0,0.08595000,11.16776429,0,0,0,0,1.17113333,0,1.06510000,1.78554706,0,0,0,0,0.73796429,2.58421053,0.41236512,0,3.20520690,0.97364000,0.32351667,0.29464286,0.96250000,0,0.44830000,0.00000000,0,3.30360000,0,0,0,0,0.92220000,0,1.87372000,0.74437500,0.06220000,0,0.83840000,0.00000000,0.66161081,0.00000000,0.83199091,0.59630000,0,1.87357526,0,0,0,0.07240000,0,0,0,0,0,0,0,0.85429231,0,0,0,0,0,0
2016-03-04,3.87010000,0,0,0.08360000,0,1.91040000,23.13897778,0,0,0,0,4.72470000,0,0.00000000,4.45329677,0,0,0,0,4.89166447,4.49896000,4.66988462,0,3.45421250,2.22618000,5.89160556,7.15313571,3.40091622,0,0,0.62000000,0,0,0,0,0,0,0,0,5.38380000,7.91766667,7.29000000,0,1.20440000,0,0.82326189,0,1.16458750,3.76155000,0,6.81262402,0,0,0,0,0,0,0,0,0,0,0,3.63635000,0,0,0,0,0,0
2016-03-05,0.64142857,0,0.30780000,2.71330000,0,14.85298750,15.46847333,0,0,0,0,0.02500000,0,0,1.51897143,0,0,0,0,1.42543725,2.03824545,0.84754348,0,0.45989032,1.39555000,0.02827500,2.79388438,0,0,0,0.09125000,0,0,0,0.00470000,0,0,0,0,1.11766667,10.05625000,0.00000000,0,0.00000000,0,0.92665492,0.42215000,0,0.00000000,0,3.42243985,0.69761579,0,0,0,0,0,0,0,0,0,0,1.02500000,0,0,0,0,0,0
2016-03-06,0.00030000,0,0.00000000,0.68461818,0,1.21338333,24.38387692,0,0,0,0,0.04766667,0,0,2.98807351,0,0,0,0,1.17739077,0.00693077,0.20274681,0,0.29934000,0.02097000,0.00000000,1.12477500,0,0,0,0.24567500,0,0,0,0.00000000,0,0,0,0,0.95972500,0.00360000,0.00000000,0,0.00140000,0,0.45166589,0,0,0,0,3.01170520,0.52396000,0,0,0,0,0,0,0,0,0,0,1.21940000,0,0,0,0,0,0
2016-03-07,0.49676667,0,0,2.37866667,0,10.39596667,8.01630435,0,0,0,0,2.41910000,0,0.41735000,7.36704059,0,0,0,0,3.53903051,0.97888824,4.32443804,0,3.72514103,0.59483889,0.77611429,3.00500370,3.01268947,0,0,2.05384000,0,0,0,2.10330000,0,0,0,0,4.91723333,0.00030000,3.82560000,0,0.03655000,0,1.09518892,0,0,0,0,6.85718820,1.68648333,0,0,0,0,0,0,0,0,0,0,1.05303529,0,0,0,0,0,0
2016-03-08,0.25690000,0,0.15085000,0.18213333,0,24.24110000,3.71577561,9.65580000,0,0,0,0.16183333,0,0.00000000,2.41561026,0.06946667,1.91526667,0,0,1.25909231,0.47775000,3.31581957,0,1.98208077,0.35333333,0.01595000,0.00750000,0.25110000,2.24250000,0,1.09889091,0,2.13930000,0,1.36890000,0,0,0.08390000,0,3.79421818,2.16310000,4.99780000,0,0.34092222,0,0.75919497,0,0.17536667,0,0,2.26546401,0.23687500,0,0,0,0,0,0,0,0,0,0.40640000,0.43287143,0,0,0,0,0,0
2016-03-09,0.11816154,0,0.05420000,7.61558182,0,10.64825000,0.92675663,0.00000000,3.59720000,0,0,0.00500000,0,0.00190000,2.29388611,0.05805000,3.50080000,0,0,2.72369286,0.13022000,0.26419333,0,0.31367955,0.00116667,0.00000000,0.81706563,0.91560000,1.56935000,0,0.00000000,0.00190000,0.00030000,0,0.00000000,0,0,0,0,4.69805000,0.00470000,0.00460000,0,0.00967692,0.00690000,1.25938899,0,0.19460909,0,0,2.39677121,0.00757500,0,0,0,0,0,0,0,0,0,0,0.00000000,0,0,0,0,0,0
2016-03-10,1.30507500,0,0.00190000,1.81478571,0,18.43040000,0.75342941,0,0,0,0,22.01193333,0,0,0.77898519,0.87086667,0,0,0,0.09220952,0.16619333,2.73759143,0,0.49029231,0.27011667,0,1.22620000,0.03815000,0.00183333,0,0.00295000,0,0,0,1.71720000,0,0,0,0,5.76158235,0,0.00060000,0,0.00378889,1.46830000,0.20808183,0,0.00332000,0.17546667,0,1.61696715,0.65295714,0,0,0,0,0,0,0,0,0,0,1.69766000,0,0,0,0,0,0
2016-03-11,0.14220000,23.46080000,0,5.18500000,0,0.00070000,2.50207805,0,0,0,0,0.21810000,0,0,0.03305769,0.15555000,0,0,0,0.32003125,0.55192632,0.47124000,0,0.19609375,0.26653684,0,0.04030000,0,0,0,0.00000000,0,0.09740000,0,0.00000000,0,0,0,0,0.36247436,0,0.54310000,0,0.11457500,0.00000000,0.13275604,0,13.71216000,0.00146667,0,2.79024894,0.37288182,0,0,0,0,0,0,0,0,0,0,0.00110000,0,0,0,0,0,0
2016-03-12,0.00125000,0.00000000,0,12.49040000,0,0,5.66448966,0,0,0,0,0.00000000,0,0,0.00808989,0.00625000,0,0,0,0.00296346,0.00212000,0.10602348,0,0.00234286,0,0,0.00030000,0,0,0,0,0,0.00405000,0.00160000,0,0,0,0,0,0.00233333,0.00640000,0.00000000,0,0.00359091,0,0.37160370,0,0.00000000,0,0,1.22622480,0.00363000,0,0,0,0,0,0,0,0,0,0,0.00000000,0,0,0,0,0,0
2016-03-13,0.00560000,0,0,12.97416000,0,0,0,0,0,0,0,0,0,0,0.00304286,0.00810000,0,0,0,18.46600909,0.00560000,0.00304444,0,0.00355000,0,0,0,0,0,0,0,0,0,0.00640000,0,0,0,0,0,0,0,0,0,0,0,3.97656286,0,0.00740000,0,0,10.36223495,0,0,0,0,0,0,0,0,0,0,0,0,0,0,0,0,0,0
2016-03-14,0.00000000,0,0,0.04325789,0,0,2.26148824,0,0,0,0,0.00160000,0,0,0.12365965,1.78995517,0,0,0,0.29807581,0.00156000,0.00188182,0,1.22060833,0,0,0.00213333,0.00081111,0.66945000,0,0.01290000,0,0.00015000,3.35975556,0,0,0,0,0,0,2.08536667,0,0,0,0.00000000,0.00341093,0,0.00055000,0,0,0.71916773,0.00105000,0,0,0,0,0,0,0,0,0,0,0.59006071,0,0,0,0,0,0
2016-03-15,0.39580000,0,0,1.29147143,0,0.01220000,2.50270588,0,7.95813333,0.02930000,0,0.17438000,0,0,2.43181034,0.00930000,0,0,0,2.88701442,0.09700000,0.33030286,0,0.20620588,0.38801818,0.36360000,0.35080000,0.11950000,0.00262222,0.00170000,0.33080000,0,1.45205000,9.20683750,0.00030000,0,0,0,0,0.12187500,0.00140000,0,0,0.08597778,0,0.03443042,0.26690000,0.33485000,0,0,0.98638544,0,0,0,0,0,0.00000000,0,0,0,0,0,0.10592500,0,0,0,0,0.00137333,0
2016-03-16,0.57455000,0,0.37083333,3.58385333,17.40190000,0,5.14141935,0,13.31375000,0.00265000,0,4.13231667,0,0,1.34343471,1.21433750,0,0,0,0.34294419,1.54250000,0.84474643,0,0.52655909,1.53573333,0.10915000,0.95450000,0.51776000,3.81575000,0,0.12695000,0,0.93062500,0,0,0,0,0,0,2.14401667,1.41640000,0,0,0.44856000,0.50940000,0.62870645,0.09140000,0.06750000,0,0,0.10331777,1.41714545,0,0,0,0,0,0,0,0,0,0,0.24954074,0,0,0,0,0,0
2016-03-17,0.10934000,0,0.32277000,8.31353750,0,0.00000000,7.58156026,0,0,47.88920000,0,0.00420000,0,15.57267273,0.02606117,0.11736111,0.66080000,0.00190000,0,0.06247143,0.02802857,0.08715588,0,0.12802500,0.04251765,0.14160000,0.00707273,0.13059375,19.16713333,0.00040000,0.13501667,0.01805000,0.42747143,0,0,0,0,0.00140000,0,0.01486000,0.00117500,0,0,0,0,0.71829533,0.15394000,0.11330000,0.00835000,0,0.45963201,0.09000000,0,0,0,0,0,0,0,0,0,0,0.06459444,0,0,0,0,0,0
2016-03-18,0,0,0,13.63220000,0,0,2.31231429,0,0,48.24522000,0,0.00241667,0,31.86096000,3.15522699,0.21136875,0,0,0,1.51104167,0.10648889,0.27880909,0,0.06010526,0.00151429,0,0.00166667,0.00197500,9.78921667,0,0.00905000,0.00890000,0.00000000,0,0,0,0,0,0,8.11226667,0.03703333,0,0,0,0.00640000,0.15440056,0,0.01785000,0.00000000,0,1.13502439,0.00000000,0.00121667,0,0,0,0,0,0,0,0,0,0.01285000,0,0,0,0,0,0
2016-03-19,0,0,0,0.00640000,0,0,2.69818000,0,0,94.98220000,0,5.04055000,0,0.00000000,12.96823859,0.00543125,0,0,0,1.62414483,0.00252308,0.00342941,0,0.00155882,0.00000000,0,0.00360000,0,0.00703333,0,0,0,0.00000000,0,0,0,0,0,0,14.40544000,0,0,0,0,0.00170000,0.73343323,0,0.00180000,0,0,5.25813613,0,0,0,0,0,0,0,0,0,0,0,6.46170000,0,0,0,0,0,0
2016-03-20,0,0,0,0.00000000,0,0,0.00345000,0,0,0.00000000,0,7.60350000,0,0,8.31346782,0.01060000,0,0,0,5.41255000,0.00212727,0.00525000,0,0.96666957,0.00207500,0,0.00415000,0,8.24930000,0,0,0,0,0,0,0,0,0,0,0.00472500,0,0,0,0.00125000,0.00000000,1.03573782,0,0.00000000,0,0,2.40369198,0,0.00345000,0,0,0,0,0,0,0,0,0,0.00713333,0,0,0,0,0,0
2016-03-21,0,0,0.23056000,0.41890000,0,0,0.13212500,0,0,140.47690000,0,11.04945000,0,0,14.39543520,0.28294000,0,0,0,1.69355909,0.79787778,0.00330000,0,0.30776522,0.08960000,0,0.35618571,0.16360000,0.01740000,0.63250000,0.00030000,0,0.38220000,0,0.00030000,0,0,0.00000000,0,4.80410000,0,0.00000000,0,0.01990000,0,0.09769117,0.00000000,0.02140000,0,0,1.51379207,0,0.00000000,0,0,0,0,0,0,0,0,0,0.00417143,0,0,0,0,0,0
2016-03-22,0.14245000,0,0.07292500,0.03485000,0,0,1.67931667,0,0,3.86330833,0,15.26959231,0,0,10.70336712,0.66962857,0,0,0,0.59711154,0.04016129,0.57855185,0,0.25009512,0.27802143,0.78265000,0.41617692,0.01728000,0,0.00000000,0.91890000,0.19000000,0.00000000,0,0,0,0,20.14940000,0,53.24750000,0.00166000,0,0,1.64290000,0,0.34649955,0,0.13595000,0,0,0.50045243,0,0,0,0,0,0,0,0,0,0,0,0.03110833,0,0,0,0,0,0
2016-03-23,0.00000000,0,0.00000000,0,0,0.00140000,8.00044615,0,0,23.90712500,0,50.55725000,0,0,17.41916361,3.93110000,0,0,0,5.87535490,0.03833333,6.02781154,0,1.90842941,0.00165000,14.66603333,2.08818333,0.00296667,0,0.00000000,1.95797000,0.00000000,2.48890000,0,0,0,0,22.72720000,0,4.40210000,9.47970000,0,0,1.33392857,2.18496667,0.36632643,0.09470000,0.00000000,0,0,3.09611880,0,0,0,3.29328333,0,0,0,0,0,0,0,0.00166667,0,0,0,0,0,0
2016-03-24,2.66916667,0,0.02445000,0,0,0,7.73147000,0,0,0.00000000,0,108.23580000,0,0,34.59681597,2.00761000,0,0,0,1.32360298,1.01169583,1.85640000,0,0.69305600,0.26970000,0,0.18844000,0.11395000,0,0.76170000,0.13722308,0.00000000,0,0,0,0,0,0.32750000,0,14.95766667,2.72080000,0,0,2.01473333,0.22210000,0.28474969,0,0.23622000,0,0,5.91938491,0,0,0,0.97244286,0,0,0,0,0,0,0,1.90150000,0,0,0,0,0,0
2016-03-25,7.08987500,0,0,0,0,0.00570000,14.82951667,0,0,119.40225000,0,0.00972000,0,0,0.00319722,13.32384000,0,0,0,1.19601077,0.01230000,6.09519643,0,0.00656364,0.00220000,0,0.00436667,0.00185556,0.00353333,0.00000000,0.00690000,0.12670000,0.00170000,0,0,0,0,0.00336667,0,10.24241667,0,0,0,0.01165000,0.00940000,0.95494951,0,0.00000000,0,0,0.26773520,0,0,0,0,0,0,0,0,0,0,0,0.01700000,0,0,0,0,0,0
2016-03-26,6.70570000,0,0.00140000,0,0,0.00090000,7.12313529,0,0,0.94797143,0,0.00000000,0,0,2.02320625,0.00000000,0,0,0,2.01766764,0.00720000,14.04210000,0,0.00038889,0.00070000,0,0.00000000,0.00055833,0.00132500,0.00000000,0.00000000,0.00000000,0.00000000,0,0,0,0,0.00000000,0,21.18806667,0,0,0,0.00000000,0,2.52919713,0,0.00170000,0,0,0.48898955,0,0,0,0,0,0,0,0,0,0,0,0.00000000,0,0,0,0,0,0
2016-03-27,4.35508333,0,0.00000000,0,0,0.00140000,23.38733333,0,0,28.56542000,0,0,0,0,0.23374861,0.00000000,0,0,0,1.30234444,0.00135000,4.69626538,0,0.00175000,0.00000000,0,0.00280000,0.00173750,0,0.00000000,0.00000000,0.00161111,0.00000000,0,0,0,0,0.00190000,0,38.39350000,0,0,0,0,0,0.87642757,0,0.00000000,0,0,0.73647158,0,0,0,0,0,0,0,0,0,0,0,0.00000000,0,0,0,0,0.00000000,0
2016-03-28,5.91360000,0,0.26546667,2.11600000,0,0.24021111,17.08159000,0,0,0.00560000,0,1.19166667,0,0,2.54759403,0.00056667,0,0,0,2.37637945,0.70451333,7.31644800,0,0.23533750,0.10970000,0,1.43612000,0.07278462,0.91130000,0.00000000,0.08022857,0.78546667,1.68110000,0,0,0,0,0.01030000,0,0.01176667,1.88810000,0,0,0.00080000,0,0.60973000,0,0.00000000,0,0,1.97856795,0,0.02000000,0,0,0,0,0,0,0,0,0,0.00186667,0,0,0,0,0,0
2016-03-29,9.55732222,0,0,0.02375000,0,0.03963333,0.10064615,0,0,172.03375000,0,10.33520000,0,0,3.74939479,0.15470000,0,0,0,4.35815467,1.85748667,0.39314167,0,0.07825333,0.17792500,0,0.37337222,0.61848333,2.48419167,0,10.45110000,0.01060000,0.00000000,0,0.00500000,0,0,0.37352500,0,24.04530000,0.00000000,0,0.02732500,0,0,0.16759063,0.80656667,0.26775000,0,0,0.23600021,0,0,0,0,0,0,0,0,0,0,0,1.08293333,0,0,0,0,0,0
2016-03-30,11.01287273,0,0,0,0,0.04117500,41.38856667,0,0,5.67960000,0,0.03817778,0,0,13.49790381,2.25571429,0,0,0,6.73862533,1.60420952,36.71199167,0,1.02453043,0.01065455,0,1.37408182,3.46812500,3.99528333,6.83945000,3.56500000,7.42320000,0,0,0,0,0,7.05140000,0,53.51190000,12.68220000,0,0.00000000,0,0,1.49086208,0,0.00000000,0,0,0.31401110,0,0,0,0,0,0,0,0,0,0,0,5.77316667,0,0,0,0,0,0
2016-03-31,9.03055000,0,0,0,0,0,2.60503000,0,0,104.60159091,0,0.25013750,0,0,6.60689863,2.39565000,0,0,0,9.02230769,0.86000476,18.76716232,0,0.10452222,0.74805000,0,4.52466667,6.18525000,0.07161364,0.00000000,1.78750000,8.71786667,0,0.02234286,0.02031250,0,0,0.01190000,0,0.02166000,0.01714286,0.06906000,0.00330000,0,0,0.45603064,4.00600000,0.39172500,0,0,1.38457035,0,0,0,0,0,0,0,0,0,0,0,1.02483200,0,0,0,0,0,0
2016-04-01,0.51290000,0,0,0,0,0.00250000,0.83826857,0,0,6.17336500,0,4.15712857,0,0,0.18495806,0.22437500,0,0,0,2.10521034,1.11683333,10.88440000,0,0.19986923,0.05277500,0,0.73692857,0.04758182,0.00576667,0.30985000,0.23660667,0.00030000,0.04422500,0,0,0,0,0.00000000,0,0.00080000,0,0,1.75140000,0,0,0.10397724,0,0.51730000,0,0,0.69042240,0.00140000,0,0,0,0,0.00390000,0,0,0,0,0,1.85452857,0,0,0,0,0,0
2016-04-02,8.55278333,0,0,0,0,0.79140000,0.01034000,0,0,0,0,0.14453333,0,0,0.00184722,1.30500000,0,0,0,2.93649612,0.00462143,16.33554500,0.85060000,0.00684545,0.07128333,0.27445000,0.00380000,0.01030000,0.00674074,0.00000000,0.17087143,0.00740000,0.33876667,0,0,0,0,0.01500000,0,0,0,0,0.00000000,0.00000000,0.76720000,0.00097072,0.17055000,0.01070000,0,0,0.50688788,0.01470000,0,0,0,0,0,0,0,0,0,0,0.05445714,0,0,0,0,0,0.01280000
2016-04-03,7.25918000,0,0,0.00390000,0,0,0.00033333,0,0,0.00100000,0,0.00000000,0,0,0.00140526,5.39551429,0,0,0,0.22131667,0.00166667,4.69908824,0,0.00187143,0.00106667,0.00110000,0.00115000,0.00030000,0.00159474,0.00330000,0.00160000,0,0.00000000,0,0,0,0,0.00610000,0,0.00110000,0,0,0.00690000,0,0,0.01268861,0,0,0,0,0.93847112,0,0,0,0,0,0,0.00310000,0,0,0,0,0.00085000,0,0,0,0,0.00000000,0
2016-04-04,0.00250000,0,0.81392857,0.00093333,0,0,0.00201622,0,0,0.00198571,0,0.07876000,0,0,0.06851731,0.02107500,0,0,0,3.03953333,0.00095641,0.00144412,0,0.00148750,0.00055556,0.00130000,0.00216400,0.00094286,0.00171111,0.00000000,0.00265625,0,0.00090000,0.02142857,0.00263750,0,0,0.00000000,0,0.00191818,0.00515556,0.04800000,0.00000000,0,0,0.00144498,0,0,0.00030000,0,0.32532276,0,0,0,0,0,0,0,0,0,0,0,0.01414000,0,0,0,0,0,0
2016-04-05,0.00062500,0,0.01388333,0.00070000,0,1.14500000,0.01807222,0,0,0.00493333,4.80860000,0.00000000,0,0.00095000,0.02778504,0.12602000,0,0,0,0.00711250,0.00255455,5.11929677,0,0.00454063,0.00860000,0,1.04849730,0.00055000,0.02030857,0.00000000,0.17291579,0,0.00140000,0.01140000,0.01070000,0,0,0.04430000,0,0.00650000,0.01060000,1.32350000,0.00083333,0.72656000,0,0.00205431,0,0.00000000,0.00190000,0,0.38641651,0,0,0,0,0,0,0,0,0,0,0,0.00598571,0,0,0,0,0,0
2016-04-06,0.85983333,0,3.73916000,3.01678571,15.42080000,4.39046667,4.33877595,0,0,0.00000000,7.68220000,0.00000000,0,0.00570000,0.02655000,10.91070000,0.00110000,0,0,4.14171509,0.20512857,0.30109722,0.66300000,1.28218235,0.00000000,0,0.54614000,2.00487500,0.64931111,0,1.35331053,0,0.00110000,0,0.00000000,0,0,0.79330000,0,0.01110000,0,2.58740000,0.00000000,0.18872857,2.09890000,0.42869268,0.08080000,0.97032000,0.00000000,0,0.30377083,0,0,0,0,0,0,0,0,0,0,0,3.38610000,0,0,0,0.08816667,0,0
2016-04-07,0.00000000,0,8.94246800,2.12155000,24.54375000,6.88500000,4.32011818,0,0,11.63717500,15.93920000,3.50340000,0,0,1.12190606,19.74916667,0,0,0,1.24461915,2.04931250,13.96287368,3.69640000,1.49894444,1.39488750,0,0.62790000,1.28390000,4.38882813,2.56920000,0.72917500,0,0.88470000,18.23655000,0,0,1.31140000,1.62860000,0,2.87720000,17.74335000,0.00030000,0.00000000,0,0.00125000,0.25253933,1.37963333,2.39890000,0.00000000,0,0.30076014,0,0,0,0,0,0,0,0,0,0,0,3.82896250,0,0,0,0,0.00060000,0
2016-04-08,0.00000000,0,17.49848750,6.40477000,0.00000000,0,4.81564286,0,5.61530000,3.52568571,0,7.00060000,0,0,2.21442975,20.58961667,30.17875000,0,0,4.04466216,4.13492857,4.88790774,0.00000000,2.10650909,0.46220000,0,0.82979444,1.20430000,8.59324375,0.00000000,4.24360000,0,2.50110000,0,0,0,1.30970000,0.00000000,0,0.31898333,0,0,0.00000000,1.60220000,0,0.69688050,4.27110000,3.35920000,0,0,0.13965056,0,0,0,0,0,0,0,0,0,0,0,1.79814286,0,0,0,0,0,0
2016-04-09,6.87810000,0,31.06951818,0.07413333,0,0,4.85822000,0,0,0.00000000,0,0,0,0,1.09822000,17.72672222,0.00000000,0,0,3.05257903,3.86687143,13.15770870,0.00000000,3.18151111,3.20820000,0,6.08897143,2.06780000,0.00000000,0.00000000,2.07707500,0,5.18330000,0,0,0,5.21360000,0,0,0.72648080,0.00000000,0,0.34220000,0,4.34422500,1.08228866,5.19750000,0.00000000,0,0,0.63388334,0,0,0,0,0,0,0,0,0,0,0,1.61836429,0,0,0,0,0,0
2016-04-10,0.14085000,0,40.29530476,0.00166667,0,0,0.00120000,0,0,0.00000000,0,0.03359000,0,0.00000000,0.00172000,14.78857143,0,0,0,3.16223797,0.00042500,5.84299048,0,0.00134615,0.00250000,0,0.03627143,0.01666667,18.41375000,0,0.05945000,0,0.00140000,0,0.00220000,0,0,0.00170000,0,0.00139167,0.00015000,0,0.00000000,0.00030000,4.13640000,0.00237433,0,0.00000000,0,0,0.36973463,0,0,0,0,0,0,0,0,0,0,0,0.00015000,0,0,0,0,0,0
2016-04-11,10.28167500,0,15.66828235,0.03365000,0,0,0.85112727,0,0,0.00115000,0,1.87088000,0,0.00000000,3.36990079,2.08690000,0,0,0,1.14736216,0.00000000,8.20186829,0.61189091,1.38876538,1.71576667,0.01750000,0.00028000,1.72587857,0.00330000,2.30030000,0.13181200,0,0,0,0,0,0.02140000,0,0,0.00162143,4.55140000,0,1.06920000,0.00110000,0,0.16330130,0.57305000,0.35052857,0,0,0.23364760,0,0,0,0,0,0,0,0,0,0,0,0.72051429,0,0,0,0,0,0
2016-04-12,31.61500000,0,3.63179091,1.36265000,0,0,2.97067778,0,0,1.62610000,0,1.55768333,0,0,1.32848929,4.37325000,0,0,0,5.44594651,0.16223529,9.40170952,1.37328000,2.52101429,0.00085000,0,3.24984000,2.15508333,0.08955000,0.00000000,1.42590000,0,0,0,0.48103333,0,0,1.08510000,0,0.09815455,1.77240000,0,0.00000000,0.04250000,4.83690000,0.31452280,0.20093333,2.21458750,5.64780000,0,0.18737108,1.38332500,0,0,0,0,0,0,0,0,0,0,0.65374737,0,0,0,0,0,0
2016-04-13,0.00000000,0,18.99965000,8.87670000,0,0,6.46838571,0,0,2.61900000,0,7.31305000,0,0.56180000,7.30592870,15.88640000,0,0,0,17.21853016,2.06339412,18.58789032,5.04700000,0.77942308,0.24468333,0,5.99843333,3.37927692,6.28925556,0.07526667,5.45752000,0.03890000,0,0,1.00390000,0,0,7.65810000,0,3.41205000,10.47890000,0,0.00000000,0.04475000,0.00000000,0.24544351,0.88957500,3.17324286,4.93155000,0,0.91031101,5.60111818,0.01420000,0,0,0,0,0,0,0,0,0,0.35190351,0,0,0,0,0,0
2016-04-14,2.38190000,0,38.42522727,2.04263333,0,0,17.32283953,0,0,26.12758571,0,7.50101667,0,0,6.75535769,0.00000000,0,0,0,16.80557103,3.43991111,3.88284348,0.71375000,2.03147083,3.11676667,0,3.67428387,1.58760000,0.33258462,2.66460000,4.81844000,9.57445000,0,0,0.07860000,0,0,6.90080000,0,4.65260000,24.59170000,0,8.17470000,0,0,5.77928018,0.00000000,25.46000000,0.16610000,0,1.22658030,0.29036923,0.11957500,0,0,0,0,0,0,0,0,0,3.06740938,0,0,0,0,0,0
2016-04-15,2.62156667,0,42.97241667,2.06665000,0,0,5.55287826,0,0,10.08906667,0,0.08298333,0,0,8.93831081,2.39795455,0,0,0,4.10809135,4.31279231,45.89368400,0.31083333,2.58900526,0.06311250,3.80720000,3.07580476,1.04308750,3.35961538,0.00000000,0.52316500,7.07625000,0,0,1.96150000,0,0,0,0,3.51640000,10.55900000,0,2.13623333,0.15945000,0,1.55219745,0.64970000,0.77990000,0,0,0.98624112,0.77531667,0,0,0,0,0,0,0,0,0,0,3.34858857,0,0,0,0,0,0
2016-04-16,0.00000000,0,0,0.00000000,0,0,0.64987407,0,0,38.30585000,0,31.85250000,0,0,0.10714167,0.43830000,0,0,0,0.91695833,0.51179333,18.64650476,0.09194000,0.02050000,0.18422500,0,0.13088125,0.08404444,4.31283654,0.00000000,0.08390000,0.00000000,0.09140000,0.00570000,0.00000000,0,0,0,0,3.89830526,0,0,0.00000000,0.00000000,0,0.03221302,0.22830000,0,0,0,1.52587556,0.00000000,0,0,0,0,0,0,0,0,0,0,0.07060000,0,0,0,0,0,0
2016-04-17,0.00000000,0,0,0.00125000,0,0,9.23299485,0,0,12.71941000,0,0.00000000,0,0,0.00118000,0.25135926,0,0,0,0.34476604,0.00000000,29.62995294,0.00000000,0.00062000,0.00010000,0,0.11064615,0.00050000,0.05690000,0,1.87720000,0.00000000,0.08360000,0.00000000,0.00290000,0,0,0,0,0.02243293,0,0,0.48080000,0,0,0.00366468,0.00000000,0,0.00110000,0,0.14174159,0.00000000,0,0,0,0,0,0,0,0,0,0,0.25379600,0,0,0,0,0,0
2016-04-18,0.00085000,0,0.23905000,0.00000000,0,0.00000000,1.20024194,0,0,0.00000000,0,1.34945000,0,0,0.45565806,0.49251500,0,0,0,0.43110526,3.95615000,22.95852381,0,0.15639091,0.07835000,0,0.01370417,0.01620000,0,0.00000000,4.43558889,0.00000000,0.00000000,0.00000000,0.00000000,0,0,0.50382500,0,0,0.00000000,0.30560000,0.00000000,0.04528571,0,0.02020158,0,0.09813333,0.00000000,0,0.15688990,0.52000000,0,0,0,0,0,0,0,0,0,0,0.00974400,0,0,0,0,0,0
2016-04-19,0.00000000,0,5.84000000,0.00000000,0,0,14.74997042,0,0,11.21310000,0,8.96095000,0,0,4.94003333,2.56122000,0,0,0.11695000,7.59929400,6.98241600,18.71182778,0,0.08811538,0.03397500,0,5.69567000,0.75072308,0.02694000,0.00000000,8.68275000,9.99500000,0.18015000,0,9.43780000,0,0,8.80345000,0,0.03368000,0,0.00000000,0.00000000,1.77984444,0,0.21179874,0,5.03610000,0.26530000,0,0.44596403,1.97710000,0.04686667,0,0,0,0,0,0,0,0,0,0.54875909,0,0,0,0,0,0
2016-04-20,0.05617500,0,0.15140000,9.86250000,0,0.07650000,19.44870659,0,0,9.94210000,0,5.53381429,0,0,2.59207778,0.43860000,0,0,5.70180000,5.63756517,3.27030455,16.44339610,0,0.06923333,4.77121111,0,5.78223750,0.08213333,0.19877273,13.35280000,8.51625000,0.00000000,0,0,0,0,0,9.57630000,0,14.71797500,0.00250000,0.00000000,0,0.14843750,0,0.90504638,0,4.29156667,0.67285714,0,0.42491946,2.16506667,0,0,0,0,0,0,0,0,0,0,3.02593137,0,0,0,0,0,0
2016-04-21,0.00000000,0,6.60193333,0.00000000,0,0.14790000,3.55386190,0,0,0.01546667,0,4.75692000,0,0,9.20128692,0.00000000,0,0,0,14.30701596,4.51530625,0.93060882,0,0.58641053,2.43597500,0,3.61114444,6.67112000,0.73198750,0.00000000,7.07186667,0,3.46310000,0,0,0,0,7.70406667,0,6.86686667,0.00000000,0,9.50750000,0.00000000,0,0.51484505,0,1.10967500,7.24970000,0,0.50851787,1.18144545,0,0,0,0,0,0,0,0,0,0,1.20251250,0,0,0,0,0,0
2016-04-22,0.00000000,0,11.80220000,5.97808333,0,0,5.62351176,0,0,7.08192000,0,15.44857500,0,0,3.92498929,0.00000000,0,0,0,12.70079479,7.19078125,33.18764667,4.29420000,1.54519394,4.74593333,0,9.53786111,0.12013333,0,0.00000000,13.51555000,0,0,0,0,0,0,12.41060000,0,6.72300909,0.00000000,0,9.96720000,4.55500000,0,0.86687568,3.29060000,0.00000000,0.00000000,0,0.25409538,10.11905000,0,0,0,0,0,0,0,0,0,0,0.94795000,0,0,0,0,0,0
2016-04-23,0,0,2.78437500,2.12140000,0,0,4.30192500,0,0,8.72600000,0,8.30170000,0,0,9.70889937,4.73465000,0,0,0,17.43875000,7.01021250,10.77109385,0,1.14734444,1.54780000,2.53310000,5.41678571,2.55736250,4.94890000,0,2.49321429,0,3.21360000,0,0,0,0,5.26786667,0,9.82713333,0,0,0.00000000,0,0,2.32055595,0.00000000,0.00000000,0.00000000,0,0.95968173,0,0,0,0,0,0,0,0,0,0,0,1.25005000,0,0,0,0,0,0
2016-04-24,0,0,1.28525455,0.61060000,0,0,0.09138333,0,0,4.23899184,0,29.24593333,0,0,0.00098824,0.32490000,0,0,0,19.41789873,0.03018333,19.67520000,0,0.20122500,0.00111667,0,0.91867143,1.56080909,0,0,17.68443333,0,0.04640000,0,5.11940000,0,0.00000000,0.00093333,0,0.02693043,0,0,0.00000000,0.29963333,0,0.19395126,0.23940000,0,0.89670000,0,0.23600773,2.42030000,0,0,0,0,0,0,0,0,0,0,0.27371579,0,0,0,0,0,0
2016-04-25,0.22970000,0,0,0.00000000,0,0,1.70168571,0,0,18.13277143,0,0.53596364,0,0,1.09284815,2.40244706,0,0,0,6.64549451,1.97766364,26.21478387,0,0.24240000,0.58581000,0,0.33330000,0.20110000,0,0,5.98437500,0,0,0,0,0,0.00000000,0.10650000,0,0.78315200,0,0.02985000,0.00000000,0.45338750,0,0.11756200,0.57750000,1.66720000,0.00000000,0,0.27047481,0,0,0,0,0,0,0,0,0,0,0,0.22280000,0,0,0,0,0,0
2016-04-26,0,0,0,1.16583333,0,0,0.17898182,0,0,0.00000000,0,0,0,0,5.09307038,1.11396000,0,0,0,2.50917681,0.47930000,4.13582598,0,0.68496071,0.13722727,0,0.34556190,0.60743421,0,0,2.97201500,0.67250000,0,0,0,0,0,0.74640000,0,0,0,0,0.00000000,0.35120476,0,0.11434412,0.54968000,0,0.00000000,0,0.16543554,0,0,0,0,0,0,0,0,0,0,0,0.02232821,0,0,0,0,0,0
2016-04-27,0,0,0,2.49405000,0,0,1.18425000,0,0,0.00000000,0,1.08142500,0.58690000,0,0.91991750,0.00000000,0,0,0,1.08940000,0.37953333,10.25219375,0,1.67055833,0.15803333,0,1.33717586,3.38573333,0.16440000,0,6.03649091,0.00000000,0,0,0,0,0,7.36937500,0,0,0.04280000,0.01970000,4.35890000,0.44329333,0,0.60839593,0.00000000,0,0,0,0.26328049,0.50875000,0,0,0,0,0,0,0,0,0,0,0.78089688,0,0,0,0,0,0
2016-04-28,0,0,0,1.26220000,0,0,5.84789706,0,0,0.00000000,0,6.59914667,0.44470000,0,16.18304225,22.66060000,0,0,0,14.98718875,9.58146923,21.56882000,0,9.64467778,3.82105455,0,4.05822174,1.61335000,0.16011429,7.89580000,1.05665000,0.00000000,12.38110000,0,0,0,0.12220000,9.42110000,0,13.72860000,0,0,0.00000000,0.06720000,0,0.86107919,0.25320000,0,0,0,0.48916110,0,0,0,0,0,0,0,0,0,0,0,2.03085294,0,0,0,0,0,0
2016-04-29,0.35320000,0,0,0.85330000,0,0.23680000,1.66313333,0,0,17.00690000,0,6.86809167,0,0,7.50964667,2.03190000,0,0,0.13585000,10.92635231,0.60360000,18.93706667,0,4.33337419,3.47607895,0,5.86149259,1.23723333,0,0.00000000,5.59543750,0,13.78676667,0,0,0.44290000,0.00000000,3.93266667,0,18.98860000,0,1.39250000,5.46690000,3.22790000,0,1.98248538,0.00000000,0,0,0,0.42466201,0.01110000,0,0,0,0,0,0,0,0,0,0,2.37725000,0,0,0,0.04390000,0,0
2016-04-30,0,0,0,0.00000000,0,0,6.76796316,0,0,15.15470000,0,15.18556667,0,0,8.46999333,26.03360000,0,0,0,13.13047347,5.69503810,18.94531667,0,1.28102000,0.00000000,0,1.90315455,0.00000000,0,0.00080000,24.70890000,0,0.00000000,0,0,0.00000000,0.00000000,0.00000000,0,11.90640000,0,0.00000000,0.95585000,0.00000000,0,1.77992039,0,0,0.57940000,0,0.25896996,0,0,0,0,0,0,0,0,0.00000000,0,0,1.90834091,0.66915000,0,0,0,0,0
2016-05-01,0,0,0,0.47830000,0,0,1.50617500,0,0,0.00000000,0,0.00000000,0,0,0.00215882,0.00000000,0,0,0,4.10582143,7.13910588,26.45384737,0,0.44811875,0.28083333,0,0.06920417,0.68390000,0.54573333,0.00000000,9.90510000,0,0.00000000,0.02780000,0,0,0,0.13723333,0,0.22140000,0,0.48920000,0.00000000,0.00000000,0,0.29564364,0,0.38296667,0.00000000,0,0.07913882,0.51693333,0,0,0,0,0,0,0,0.00000000,0,0,0.03455000,0,0,0,0,0,0
2016-05-02,0,0,1.93883750,0.26636667,0,0,0.08697500,0,0,0.04730000,0,0.51305000,0,0,0.22845909,0,0,0,0.00000000,0.86893788,12.59288000,32.25679583,0,1.73577200,0.05811250,0,1.66860435,0.00000000,0.07470000,0.00000000,3.20148000,0,0.00000000,0.00000000,0,0,0,0.00000000,0,0.66567500,0,0.00000000,0.00000000,0.30195000,0,0.21391740,0,0.00000000,0,0,0.16448088,0.46890000,0.87920000,0,0,0,0,0,0,0.00000000,0,0,0.91253095,0,0,0,0,0,0
2016-05-03,0,0,0.97935455,6.91695000,0,0,2.92101379,0,0,0.00000000,0,0.75093000,0,0,2.13629375,1.20170000,0,0,0.00000000,4.63073284,18.05249286,16.91007143,0,27.35554561,1.03720000,0,1.85518571,1.84156667,4.37055000,0,5.66073889,0,0.00000000,0,0,0,0,0.00000000,0,0.16628000,0,0,0.75190000,5.94066667,0,0.54489308,0,0.67720000,0,0,0.33828776,0.26111429,0,0,0,0,0,0,0,0,0,0,1.86308235,0,0,0,0,0,0
2016-05-04,0,0,5.02723077,5.50735000,0,0,0.60946667,0,0,2.83606000,0,2.31152500,0,0,2.04494082,0.32083333,0,0,4.99452500,2.85351094,3.37168947,4.13163231,0,7.82162703,0.70906957,0,5.09253000,0.00000000,0.27590000,0,0.63404545,0,0.00000000,0.48865000,0.40513333,0,0,8.25985000,0,0.68953333,0.68430000,0,0,4.08536667,0,0.86431667,0,0.28515000,0,0,0.77828324,0.19374615,0,0,0,0,0,0,0,0,0,0,1.96667027,0,0,0,0,0,0
2016-05-05,0,0,3.46041667,0.02820000,0,0,1.12234483,0,0,0.38359231,0,1.08396667,0,0,3.17940938,1.40376000,0,0,0.00000000,3.47145000,18.89430625,17.99481515,0,12.94593500,1.15145000,0,0.95503750,2.60286667,0.92008889,0,0.82344444,0,0.04890000,0.70484167,1.38453158,0,0,9.94070000,3.66530000,0.44336190,0.26101667,0,0,0.94360000,1.05420000,0.47020107,0,0.22892000,0,0,0.25534007,0.54726429,0,0,0,0,0,0,0,0,0,0,0.33712522,0,0,0,0,0,0
2016-05-06,0,0,19.90764737,1.80180000,0,0,0.86121667,0,0,9.01930000,0,27.49595000,0,0,3.62938421,0.66530000,0,0,0.00000000,4.70622903,5.37604444,0.83376129,0,21.85543636,0.84386000,0,6.02217222,0.93265000,2.74156000,0,0.21599286,0,0,0,7.51080000,0,0,0.35042857,1.35716000,0.05963333,0,0,0,3.22788000,0.00000000,0.83628072,0,0.36930000,0,0,0.15631400,0.28536667,0,0,0,0,0,0,0,0,0,0,2.24105897,0,0,0,0,0,0
2016-05-07,0,0,43.73940476,1.25750000,0,0,4.66645000,0,0,2.23560000,0,0.00000000,0,0,1.17736667,0,0,0,10.35060000,13.16249630,6.28261429,41.08959167,0,13.41250000,3.26172500,0,3.01234444,2.46535000,0.00000000,0,0.19036667,0,0,0,0,0,0,0.00000000,5.09110000,0.00000000,0,0,5.28190000,4.43431250,0,1.39833975,0,0,0,0,0.15398578,0.17068000,0,0,0,0,0,0,0,0,0,0,2.14173000,0,0,0,0,0,0
2016-05-08,0.00360000,0,64.12268929,0.00693333,0,0,1.59995000,0,0,10.36970000,0,0.59093333,0,0,1.73807500,0,0,0,0,4.75787067,9.75392857,0.44653673,0,3.71473500,2.79882500,0,3.08860952,4.03155000,12.55750000,0,0.06940000,0,1.86170000,0,0,0,0,15.63990000,0,0.01720000,0,0,0,54.76310000,0,0.16829238,0,0,0,0,0.06149489,0.16625000,0,0,0,0,0,0,0,0,0,0,0.41172857,0,0,0,0,0,0
2016-05-09,0.00000000,0,85.29915263,0.07095000,1.44945000,0,0.29210000,0,0,0.00000000,0,4.33342500,0,0,0.31758519,0.40640000,0,0,5.90500000,3.47349625,3.95625000,23.80389556,0,2.41017083,0.72943333,0,0.89287273,0.00000000,0.00000000,0,0.26143636,0,5.46750000,0,0,0,0,0.10835000,0,0.00000000,0.13420000,0,0,3.25338333,1.37845000,0.21263721,0.22860000,0,0,0,0.13774299,0.13665000,0,0,0,0,0,0,0,0,0,0,0.25825333,0,0,0,0,0,0
2016-05-10,0.02310000,0,88.35538889,0.00000000,2.57360000,0,0.00000000,0,0,0.00000000,0,22.64845000,0,0,1.76711429,25.73060000,0,0,11.77796667,1.74202828,10.51510000,1.54508244,0.36340000,5.45060588,6.25241111,1.15530000,8.32413000,0.00000000,11.87850000,0,0.39406250,0,0.00000000,0,0,0,0,7.31195000,0,1.56915000,1.50610000,0,0,14.71080000,0,0.64704010,0.00000000,0,0,0,0.23218535,0.07580000,0.59920000,0,0,0,0,0,0,0,0,0,0.92965841,0,0,0.36210000,0,0,0
2016-05-11,0.02180000,0,30.74047059,0.00000000,0,0,1.61956087,0,0,14.93060000,0,6.59597500,0,0,1.78027619,5.38485000,0,0,0.00000000,8.71226304,6.39089231,19.03253125,0.61772500,3.78230000,2.25524444,0,3.61562222,0,0.00000000,0,0.85002500,0,0.06490000,0,0.04792500,0,6.44790000,0.02450000,0,0.00188000,0,0,0,0.99062308,0,0.28912406,0,0,0,0,0.24860468,0,5.96030000,0,0,0,0,0,0,4.88060000,0,0,0.71205811,0,0,0,0,0,0
2016-05-12,0.34925000,0,20.19105000,0.23087143,0.08060000,0,0.45846250,0,0,0.00000000,0,4.08582143,0,0,3.49227925,0.00000000,0,0,0.00000000,2.25421346,9.46720000,1.88849643,0,2.03361250,4.98420000,0,2.50232857,3.43335000,0.00000000,0,0.47163333,0,0.07756000,0,0.00000000,0,0.00000000,0.17672500,0,0.10750000,0.29680000,0,0,7.83841000,0,0.43132655,0,0,0.92280000,0,0.05288806,0,0,0,0,0,0,0,0,0.00000000,0,0,0.61094407,0,0,0,0,0,0
2016-05-13,1.75220000,0,0,0.12520000,0.00000000,0,0.01086250,0,0,0.00810000,7.74640000,3.56177143,0,0,0.08184000,0.00170000,0.19440000,0,0,5.97465974,2.72420000,19.02903077,0,1.83102727,2.18844000,0,0.55754545,0.15672000,0,0,0.29856000,3.67000000,0.00000000,0,0.17940000,0,0,0.08560000,0,0.00000000,0,3.24065000,0,2.54470000,0,0.29860376,0,0.34843333,0.00000000,0.16030000,0.35468044,0,0,0,0,0,0,0,0,0,0,0,0.76178235,0,0,0,0,0,0
2016-05-14,0.85200000,0,0,25.78190000,22.36280000,14.70890000,0.00698000,0,0,0.00000000,0.00000000,0.00585000,0,0,3.66284602,0.00000000,14.72390000,0,0,1.19292615,0.38295882,18.71338387,18.66250000,3.00474000,0.96730714,0,0.00613636,0,0,0,0.63515714,0.00000000,0,0,0.00382500,0,0,0,0,0.00058889,1.92334000,0.00000000,0,0.00000000,0.00195000,1.51865422,0,0,0.00000000,0.00000000,1.68531841,0,0,0,0,0,0,0,0,0,0,0,0.06610769,0,0,0,0,0,0
2016-05-15,0.06860000,0,0,0.08830000,0,0,0.00125000,0,0,0.00610000,0,3.90893750,0,0,1.55918649,0.00000000,0.00000000,0,0,1.78008916,0.01678039,0.00192667,0,1.25870000,0.01905882,0,0.06966667,0,0.00750000,0,0.00000000,6.86140000,0,0,0,0,0,0,0,0.00055000,0.59390000,7.95310000,0,6.15970000,0.00000000,1.04607456,0,0,0,1.63360000,0.74178747,0.00117500,0,0,0,0,0,0,0,0,0,0,0.02109667,0,0,0,0,0,0
2016-05-16,24.37170000,0,5.01972000,0.31655000,0,0.08860000,1.52370000,0,0,0.00000000,0,16.02222000,0,0,3.22431047,0,0,0,0,0.14557103,4.04612632,17.88535588,0,0.90448462,0.26134286,0,0.08669000,1.11566000,0,0,8.36680625,0.00000000,0,0,0.20833333,0,0,0.12850000,0,0.53720000,0.52855625,0.00000000,0,0.13153000,0.00000000,0.72427529,0,0,0.36830000,0.00000000,0.41227623,0.14465000,0,0.00030000,0,0,0,0,0,0,0,0,0.35295667,0,0,0,0,0,0
2016-05-17,1.95785000,0,17.46861111,0.10920000,0,0,3.26580000,0,0,0.00000000,0,2.57492500,0,0,1.31704091,0,0,0,0,10.79171579,4.65921364,0.67440667,0,2.49245000,0.76390000,0,0.99630435,0.17895000,0,0,10.53875000,0.00000000,0,0,0,0,0,0,0,1.44297143,0.83886875,0.00000000,0,1.18710000,0,0.84891667,0.07640000,0,0.00000000,0.00000000,0.41096851,0.52175000,0,0.00000000,0,0,0,0,0,0,0,0,0.03047500,0,0,0,0,0,0
2016-05-18,19.75306667,0,18.98640000,0.32222500,0,0,1.35090000,0,0,0,0,7.37110000,0,0,1.07812705,0,0,0,0,0.86695652,6.19533333,44.55676429,0,3.14552353,0.03355000,0.16125000,1.47470000,0.33992500,0,0,3.98015833,9.96920000,0,0,0.00080000,0,0,0,0,0.12906667,1.62811250,11.06110000,0,1.35235000,0,0.36865894,0.43157500,0,0.00000000,7.00060000,3.40182795,0.07190000,0,1.59125000,0,0,0,0,0,0,0,0,1.73013409,0,0,0,0,0,0
2016-05-19,0.16080000,0,0.09510000,0.10000000,0,0,0.00165000,0,0,0,0,3.44250000,0,0,0.77951094,0,0,0,0,65.20059000,1.52505714,0.57655882,0,1.77985000,0.09817143,0,0.10090000,0.33032500,0,0,6.17647391,0.00000000,1.18190000,0,0.04500000,0,0,0,0,0.04421667,0.59305000,0.00000000,0,0.26528000,0,0.24031022,0.00000000,0,0.91190000,0.00000000,0.83326127,0.02418000,0,0.00000000,0,0,0,0,0,0,0,0,0.27476757,0,0,0,0,0,0
2016-05-20,4.56110000,0,0.68478000,0.00895000,0,0,1.34914000,0,0,0,0,5.99835000,0,0,1.19518667,0,0,0,0,0.52140000,2.43122500,21.80062500,0,0.25115000,0.00190000,0,0.30744444,0.49026667,0,0,26.44896000,3.91220000,0.03470000,0,0.27170000,0,0,0,0,0.29875000,0.17220000,0.00000000,0,2.27833333,0,1.11254783,0.00190000,0,0.00000000,0.00000000,0.78441495,0.02221667,0,0.48555000,0,0,0,0,0,0,0,0,0.22391333,0,0,0,0,0,0
2016-05-21,1.92046667,0,14.02393636,0.02560000,0,0,1.07180000,0,0,0,0,1.15693333,0,0,2.20421667,0,0,0,0,16.66864857,2.12072759,3.23497667,0,3.53151667,0,0.26080000,8.13537857,0.03813333,0,0,19.49834000,0.00000000,0.00000000,0,0,0,0,0,0,0.01390000,0.25500000,0,0,2.57406667,0,0.65535449,0.00000000,0,0.00000000,0,0.82366529,0,0,0.00000000,0.20982500,0,0,0,0,0,0,0,0.82593784,0,0,0,0,0,0
2016-05-22,11.93180000,0,40.27860909,0.20867500,0,0,13.83985000,0,0,0,0,3.83700000,0,0,4.36995000,0,0,0,0,14.08197407,2.21958750,3.10147353,0,0.18890000,0,0.00000000,22.10398333,0.07867500,0,0,34.85025000,0.00000000,1.00438750,0,0.00085000,0,0,0,0,0.00193333,0.00000000,0,0,5.30850000,0,0.60339267,0.96446667,0,0,0,0.64571718,0,0,0.56500000,1.30868571,0,0.08360000,0,0,0,0,0,1.18024737,0,0,0,0,0.00095000,0
2016-05-23,0.00000000,0,13.25575000,0.00055000,0,0,12.33117500,0,0,0,0,0.19141667,0,0,0.51494375,0,0,0,0,10.50330370,0.93500909,0.30638125,0,0.22778000,0,0,23.58180000,0.21205000,0.95690000,0,0.08735000,0,0.94501250,0,0.01815000,0,0,0,0,0.00000000,0.23400000,0,0,0.90560000,0,0.08349521,0.00000000,0.49812500,0,0,0.15469388,0.10240000,0,0.00000000,0.00000000,0,0.00000000,0,0,0,0,0,0.00111538,0,0,0,0,0.00000000,0
2016-05-24,0.08445000,0,0,0.07333333,0,0.23000000,5.90918667,0,0,0,0,3.21987500,0,0,0.04842813,1.20673333,0,0,0,14.26565000,15.12169000,3.55982353,0,0.21922000,1.18955000,0,9.68311481,5.09893750,0,0,15.28116667,0,2.77602500,0,0.00000000,0,0,0,0,0,1.83445000,0,0,7.76670000,0,1.11993890,0.00000000,4.10030000,0,0,0.70040791,0.20515000,0,0,0,0,4.88030000,0,0,0,0,0,0.00689000,0.00125000,0,0,0,0,0
2016-05-25,1.20147500,0,0.91166667,0.16213333,0,0,6.23378947,0,0,0.19750000,0,5.23906667,0,0,0.53695385,6.71305000,0,0,11.71580000,3.61715652,7.69320000,2.92875128,0,1.48539286,3.05720000,0,21.82662353,1.45316000,0,0,3.58866667,0,4.14472000,0,0,0,0,0.21790000,0,0,2.18128750,0,0,0.17360000,0,0.30953270,0,0.90943333,0,0,0.82292498,1.40011429,0,0,0,0,0,0,0,0,0,0,0.92841500,0,0,0,0,0,0
2016-05-26,0.05313333,0,6.03000000,0.00000000,0,0,16.87390000,0,0,0.00000000,0,10.73920000,0,0,0.60731667,33.23792500,0,0,0.00000000,23.80276552,15.37000000,4.20043000,0,2.47512222,0.00030000,0,12.39669487,10.78890000,0,0,8.81620000,0,3.50304000,0,0.00155000,0,0,1.30166667,0,0.15416667,0.68470000,0,0,5.55515000,0,1.18596721,0,1.21740000,0,0,0.82857783,0.96980000,0,0,0,0,0,0,0,0,0,0,1.92602222,0,0,0,0,0,0
2016-05-27,0.00000000,0,0.39973333,3.49545000,0,0,20.47462222,0,0,0.00780000,0,2.76036667,0,0,0.17841667,21.64046667,0,0,12.07810000,0.87176771,3.90788750,5.40117692,0,2.92003333,3.53884444,0,17.91410250,4.77073333,0,0,0.70890000,0,3.87916667,0,0.00000000,0,0,1.80030000,0,0,0,0,0,0.00220000,0,0.61279069,0,0.22770000,0,0,0.93237962,1.34169000,0,0,0,0.83670000,0,0.51146667,0,0,0,0,0.66232000,0,0,0,0,0,0
2016-05-28,0,0,0.08905000,0.04670000,0,0,24.68157143,0,0,0.00000000,0,1.61175000,0,0,0.69233333,37.09610000,0,0,0.00536667,12.20176719,8.16262857,3.42572143,0,1.80751724,0.66115833,0,1.76778000,0.00080000,0,0,0.00470000,0,0.00375000,0,0,0,0,0.00830000,0,0.00320000,0,0,0,0,0,0.85515933,0,0.01640000,0,0,0.32255872,0.00000000,0,0,0,0,0,0.00000000,0,0,0,0,0.00616667,0,0,0,0,0,0
2016-05-29,0,0,2.48681818,0.00000000,0,0,17.89140909,0,0,0,0,0.00000000,0,0,0.00344000,0.00360000,0,0,0.00030000,0.38641471,0.08003115,0.24327500,0,1.41339231,0.01893636,0,0.00447857,4.79655455,0,0,0.00000000,0,0.34345000,0,0,0,0,0.00240000,0,0,0,0,0,0.28712000,0,0.08894874,0,0.00000000,0,0,0.02670158,0,0,0,0,0,0,0,0,0,0,0,0.00225714,0,0,0,0,0,0
2016-05-30,0,0,2.14717143,0,0,0,36.31314286,0,0,0,0,2.63220000,0,0,1.71615238,0.00000000,0,0,0.00000000,10.59530000,0.14998000,2.44789000,0,6.41614545,4.37024545,0.35170000,0.14046000,0.06766000,0,0,0.95080000,0,0.00500000,0,0.00500000,0,0,0.00280000,0,0,0.63660000,0,0,0.19195000,0,0.10292147,0,0,0,0,0.54324140,0,0,0,0,0,0,0,0,0,0,0,0.03150000,0,0,0,0,0,0
2016-05-31,0,0,2.06658571,0,0,0,154.69296190,0,0,0.00220000,0,0.05695000,0,0,0.01293750,6.47345000,0,0,0,0.55594468,0.01234412,1.41149697,0,0.06658571,0.07281333,0.00580000,0.00000000,0.00646667,0,0,5.71720000,0,0.06060000,0,0.00530000,0.26610000,0,0,0,0.00235000,0.00313333,0,0,0.72461905,0,0.13155171,0,1.19845000,0,0,0.38342491,0.20327500,0,0,0,0,0,0,0,0,0,0,0.02087500,0,0,0,0,0,0
2016-06-01,13.16735000,0,2.73650000,6.76920000,0,0.10780000,9.92495000,0,0,0.00000000,0,0.43890000,0,0,0.34301600,1.40106000,0,0,15.08440000,6.89896015,0.63768571,3.22381538,0,4.72152500,0.22390000,0.82930000,3.82380455,8.47173077,0,0,1.81030000,0,2.33885882,0,0.00830000,0.00000000,0,0,0,0,9.62195000,0,0,1.08555833,0,1.11699844,0,0.00000000,0,0,1.82938630,0.29330000,0,0.35195000,0,0,0,2.06195000,0,0,0,0,2.46502500,0,0,0,0,0,0
2016-06-02,0.00000000,0,5.07895000,0,0,0,7.86261250,0,0,4.13970000,0,25.01850000,0,0,0.94444615,3.48490000,0,0,0.00000000,7.95122727,17.20838333,10.81403200,0,5.21654545,7.68806250,1.47345000,4.93158333,3.22143000,0,0,6.06278571,0,1.47232500,0,0.00280000,1.09560000,0,0,0,18.72190000,15.49390000,0,0,1.78000000,0,1.39452677,0,0,0,0,1.11335480,0,0,0.88766000,0,0,0,1.02220000,0,0,0,0,0.09265833,0,0,0,0,0,0
2016-06-03,0.00000000,0,0.07350000,11.68210000,0,0,3.93486667,0,0,5.53968750,0,14.04115000,0,0,8.96208333,19.46945000,0,0,12.66920000,21.03002273,4.78770000,2.79026750,0,18.32697143,11.55611429,0,6.29415000,0.09305000,10.89780000,0,3.60250000,0,15.05397143,0,0.00000000,0.00000000,0,0,0,17.28690000,0.00000000,0,0,8.29430000,0,1.52929373,0,0,0,0,0.75293371,0,0,0.77750000,0,0,0,0.00000000,0,0,0,0,1.68439286,0,0,0,0,0,0
2016-06-04,9.44810000,0,0.53580000,14.45360000,0,0,13.23302308,0,0,12.20035000,0,0.00000000,0,0,12.65301250,30.92880000,0,0,10.03670000,17.10031000,1.64797500,14.63360000,0,5.98876154,0.75750000,0,15.04010769,1.79760000,0,0,37.34065000,0,8.14218750,0,0,0.00000000,0,0,0,0.00000000,16.41046667,0,0,0,0,3.45688655,0,0,0,0,1.57279096,0,0,0,0,0,0,1.34830000,0,0,0,0,9.21375714,0,0,0,0,0,0
2016-06-05,7.80400000,0,3.73250000,0.00000000,0,0,31.00527500,0,0,0,0,0.04560000,0,0,3.53403846,0.00000000,0,0.13310000,0.00000000,6.12937607,0.94801667,5.56006500,0,14.23460000,0.51010000,0,0.00030000,21.57566364,0.08640000,0,13.33140000,0,0.71945000,0,0,0,0,0,0,0,0.00000000,0,0,0.78977619,0,0.31965767,0,0,0,0,0.51008000,0.08170000,0,0,0,0,0,0.00000000,0,0,0,0,0.92256000,0,0,0,0,0,0
2016-06-06,0.00000000,0,39.18440000,0.14633529,0,0,8.05672632,0,0,0.00030000,0,1.79318462,0,0,0.17021250,0.00345000,0,0,0.00155000,7.68379545,0.00828235,3.40004211,1.54220000,2.64873684,0.06283333,0,0.31384615,0.96387500,0.00000000,0,0.00000000,0,0.25148889,0,0.76693333,0,0,0,0,0,0.00010000,0,0,0.90330000,0,0.16626029,0,0.17940000,0,0,0.20743138,0.00000000,0,0,0,0,0,0.11247500,0,0,0,0,0.38846364,0,0,0,0,0,0
2016-06-07,7.50430000,0,2.21519091,0.37490000,0,5.90447000,26.02287143,0,0,0.08926667,0,1.40500000,0,0,2.84646538,18.94310000,0,0,29.47810000,23.10005938,0.02367879,2.19437647,0,1.28458750,0.02672500,0,0.96874000,1.44651667,3.07060000,0,0.00000000,0,5.14334000,0.03947273,0.00000000,0,0,0,0,0,5.57210000,4.67640000,0,0.00000000,0,0.54329834,0,0,0,0,1.50235212,0.74186667,0,0,0,0,0,0.00000000,0,0,0,0,0.18170435,0,0,0,0,0,0
2016-06-08,0.00000000,0,1.30950000,10.17330000,0,0,46.81830000,0,0,0.02250000,0,4.37842500,0,0,0.57513750,18.40080000,0,0,0.17860000,14.53820000,0.04085000,8.36787692,4.00280000,15.53422667,1.13970000,1.06810000,5.09585000,0.20853333,0.50791667,0,0.00000000,0,1.10849091,0.15730909,3.44233333,0,0,0,0,0.00470000,13.16830000,0.00000000,0,9.35580000,0,0.91986703,0,1.62580000,0,0,1.47183636,0.80060000,0,0,0,0,0,0.00000000,0,0,0,0,2.17176250,0,0,0,0,0,0
2016-06-09,0.01845000,0,0.12735000,7.85240000,0,0,7.79095000,0,0,0.11055000,0,2.21253333,0,0,4.30810000,12.28290000,0,0,0.00000000,23.42070526,3.42156667,1.78871250,0.00000000,0.14576000,0.93840000,0.00000000,0.08985000,0.04347500,0.21586111,0,0,0,0.20444000,0,0.00000000,0,0,0,0,0.00280000,0.06290000,0.00000000,0,5.37352308,0,0.98114697,0,0.41763333,0,0,3.10444346,11.39690000,0,0,0,0,0,0,0,0,0,0,4.89128000,0,0,0,0,0,0
2016-06-10,0.48530000,0,0.50210000,0.00000000,0,0,8.29335246,0,0,6.40935625,0,11.50512500,0,0,0.09532424,4.94346000,0,0,0.13140000,11.56703810,1.30058667,8.08321860,0,11.89650870,1.12331538,0.18595000,3.05770000,0.08778333,0.14280000,0,0.36680000,0,1.94063333,0,0,0,0,0,0,0.24518333,2.94510000,0,0,0.00000000,0,0.40571016,0,0.72360000,0,0,2.63246701,7.76776667,0,0,0,0,0,0,0,0,0,0,1.00006000,0,0,0,0,0,0
2016-06-11,0.00000000,0,0.71170000,4.02305000,0,0.14500000,12.79443333,0,0,14.76110000,0,0.83257500,0,0,2.15536000,10.26555714,0,0,0.00000000,2.86275000,4.13632500,1.85104118,0,3.43627500,0.00000000,0.46975000,9.53988571,2.38431250,0,0,0,0,7.25686667,0,0,0,0,0,0,0.10195000,10.69327500,0,0,1.73745000,0,1.77233836,0,0.56580000,0,0,2.94655772,7.51470000,0,0,0,0,0,0,0,0.01990000,0,0,0.00000000,0,0,0,0,0,0
2016-06-12,0.00000000,0,9.07025833,0.00000000,0,0.22911667,26.35539333,0,0,13.04103333,0,0.00125000,0,0,0.11395833,23.34765000,0,0,0.00000000,25.52862500,1.96454000,0.00380000,0,1.49962353,0.00000000,0.00000000,0.00086000,3.29457692,0,0,0,0,0.00220000,0,0,0,0,0,0,0.00077500,0.00510000,0,0,4.41235000,0,0.61202420,0,0.00000000,0,0,0.87286157,0.00000000,0,0,0,0,0,0,0,0.00000000,0,0,0.00088182,0,0,0,0,0,0
2016-06-13,0,0,1.45620000,10.95000000,0,0,14.39536667,0,0,0.00860000,0,1.08218462,0,0,0.04250333,4.22687500,0,0,0.22070000,0.75833125,0.32715714,0.50540909,0,0.06666000,0,0.78963333,2.62801538,0.44451250,0.02868571,0,0,0,0.14750000,0,0,0,0,0,0,0.03365000,0.04070000,0,0,0.00000000,0,0.18746380,0,0,0,0,1.00654195,0.15984000,0,0,0,0,0,0,0,0,0,0,0.08231071,0,0,0,0,0,0
2016-06-14,0,0,0.41080000,0.00000000,0,0.19040000,11.32420000,0,0,4.48720000,0,0.04772000,0,0.29718750,2.58033636,7.29708333,0.23280000,0,27.20710000,7.76469000,1.40285000,2.69783846,0,2.01822000,0.79388571,0.21190000,0.46275556,0,0.00110000,0,0,0,6.19161818,0.00030000,2.05640000,0,0,0,0,0.02553636,0.82462500,0.09333333,0,0.07044000,0,1.18794403,0,0.27177500,0,0,5.26403733,0.41302222,0,0,0,0,0,0.00690000,0,0,0,0,0.87826500,0,0,0,0,0,0
2016-06-15,0.49890000,0,1.89890000,0.00000000,0,0.17640000,20.48971250,0,0,2.05530000,0,7.13825000,0,0,0.31688571,2.21876250,0,0,0.00000000,0.80667647,4.11232500,10.74704706,0,6.39637500,0.74457500,3.35560000,2.79372000,0,0.04080000,0,0.57780000,0,0.35315000,0,0.00000000,0,0,0,0,4.41007500,0.37180000,0.17522143,0,0.31853333,1.17370000,2.28076246,0,0.29690000,0,0,10.08197277,0.17640000,0,0,0,0,0,0,0,0,0,0,3.94539167,0,0,0,0,0.00000000,0
2016-06-16,0.00000000,0,4.04335000,0,0,0,24.81972857,0,0,0,0,0.51634375,0,0,1.91100698,0.10180000,0,0,13.64707500,19.13468750,3.93148750,1.26248841,0,9.00025556,0.10310000,0.00000000,1.36721667,0,0,0,0,0,0.68812857,0,0.13500000,0,0,0,0,0,0.07752051,0.00050000,0,3.57905000,0,1.73057467,0,0.55360000,0,0,3.07969341,0.32985000,0,0,0,0,0,0,0,0,0,0,0.18829091,0,0,0,0,0,0
2016-06-17,0.00000000,0,1.60510000,0,0,0,42.34460000,0,0,0.74926667,0,0.40254286,0,0,13.23388500,0.23340625,0,0,0.00000000,1.58405455,1.30543333,1.36640714,0,7.99001000,0.00000000,1.57750000,4.23216000,0.34560000,0,0,5.16650000,0,18.43320000,0,0,0,0,0,0,0,0.39828000,0,0,0.23720000,0,4.66054404,0,0.72905000,0,0,1.50032132,1.10522000,0,0,0,0,0,0,0,0,0,0,0.94967647,0,0,0,0,0,0
2016-06-18,0,0,21.03308182,0,0,0,37.41867143,0,0,1.04570000,0,11.34416000,0,0,3.48750000,1.09350000,0,0,0.00000000,4.45469647,3.91142000,6.93773448,0,16.81626667,0.00902500,6.49140000,13.81830000,0,0,0,0.16890000,0,0.00380000,0,0,0,0,0,0,0,0.00000000,0,0,0.32426667,0,5.44622549,0,0.39046667,0,0,2.37660353,0.10195000,0,0,0,0,0,0,0,0,0,0,9.27728333,0,0,0,0,0,0
2016-06-19,0,0,41.86656154,0,0,0,0.00166667,0,0,0,0,0,0,0,0.00437500,0,0,0,0,2.91778333,0.00388889,0.00431667,0,17.39944286,0,0.00000000,0,0,0,0,0.00000000,0,0.00000000,0,0,0,0,0,0,0,0,0,0,0,0,0.00363879,0,0.43040000,0,0,4.83322907,0.00000000,0,0,0,0,0,0,0,0,0,0,0.00000000,0,0,0,0,0,0
2016-06-20,0,0,38.52780000,0,0,0,15.27201111,0,0,2.30000000,0,27.60605000,12.63795000,0,8.12827143,0,0,0,0,20.65692857,24.64260435,24.71050000,1.73705000,9.23951429,0.06440000,0,18.62351111,2.12625000,4.52970000,0,0,1.28070000,23.77805000,19.09580000,0,0,0,0.76710000,0,0,13.72055556,0,0,0.00390000,0,7.82094113,0,14.01776667,0,0,7.50963099,5.35890000,0,0,0,0,0,0,0,0,0,0,7.09080000,0,0,0,0,0,0
2016-06-21,1.88694545,0,1.38500000,0,0,0.64530000,4.81615000,0,0,0.35810000,0,0,0.00000000,0,0.85125926,1.20495714,0,0,0,0.36405250,15.26904865,3.76734048,0.00000000,2.50865000,1.88522000,0,0.87653000,0.42235000,1.78750000,0,0,0.40570000,0.71598235,0,0,0,0,0.46335000,0,0,1.06536667,0,0,0.94072000,0,1.22642732,0,0.00000000,0,0,1.86651746,0.83422500,0,0,0,0,0,0,0,0,0,0,1.03082778,0,0,0,0,0,0
2016-06-22,1.53133000,0,0.48805000,0.00170000,0,0.00030000,0.10550000,0,0,0.01670000,0,0.82880000,0.08830000,0,0.00294138,0.22349412,0,0,0,10.70495833,0.08979000,1.56328636,0,1.85132000,0.05726667,0.05950000,0.19834545,1.55640000,0,0,0,0,0.69598205,0.03481667,0,0,0,0,0,0,2.08740000,0,0,0.39268462,0,0.29540084,0,0,0,0,0.74033329,0.05713333,0,0,0,0,0,0,0,0,0,0,1.02166364,0,0,0,0,0,0
2016-06-23,0.18020000,0,0.79585000,0,0,0.00000000,0.16292500,0,0,1.58335000,0,0.84920000,0.00000000,0,0.34191818,0.35695000,0,0,0,2.03010260,0.12695000,5.56943333,0,1.72275417,0.04182222,0.08428000,3.07692500,0,0,0,0.89841667,0,1.48506364,0,0,0,0,0,0,0,0.25912000,0,0,0.31204000,0,0.38610874,0,1.45375000,0,0,1.32245729,0.08140000,0,0,0,0,0,0,0,0,0,0,0.89279000,0,0,0,0,0,0
2016-06-24,0,0,0.04652500,0,0,0,3.29850000,0,0,0.00060000,0,0.00000000,0,0,0.07227619,0.04875000,0,0,0,7.81537917,4.05170000,2.15841132,0,2.80665556,8.14380000,0,0.19595000,0.20700000,0,0,0.00000000,0,7.71483333,0,0.19225000,0,0,0,0,0.01280000,0.00000000,0,0,1.12098889,0,0.42938689,0,0.00000000,0,0,1.75654530,0.00733333,0,0,0,0,0,0,0,0,0,0,0.31366190,0,0,0,0,0,0
2016-06-25,0.00860909,0,0.00000000,0,0,0.00720000,14.50541667,0,0,0.00360000,0,0.00000000,0,0,0.00520000,0.00640000,0,0,0,3.07847931,0.00392500,0.41437234,0,0.00593750,12.05117500,0.00916667,0.00710000,2.34995000,0,0,0.01030000,0,0.00927500,0,0.01580000,0,0,0,0,0,0,0,0,0,0,0.00694184,0.08560000,0,0,0,0.57134779,0.00000000,0,0,0,0,0,0,0,0,0,0,0.00500000,0,0,0,0,0,0
2016-06-26,0,0,0,0,0,0.01250000,20.95443333,0,0,0.00000000,0,0.00560000,0,0,0.00700000,0.00665000,0,0,0,18.04005833,0.00432500,1.55046667,0,0.00658333,0.00000000,0,0.00426667,14.33244000,0,0,0.00000000,0,0.00000000,0,0,0,0,0,0,0.01060000,0,0,0,0,0,0.00712840,0.00000000,0.00610000,0,0,1.63627964,0.00000000,0,0,0,0,0,0,0,0,0,0,0.00688571,0,0,0,0,0,0.00690000
2016-06-27,0,0,0.00875000,0.03610000,0,0.00000000,2.04957000,0,0,0.01190000,0,0,0,0,0.02125104,0.10355000,0,0,0,0.15412051,0.40057143,0.10994792,0,0.44548261,0.94250000,0.76338000,0.03992857,23.97600000,0.82515000,0,0.00804000,0,0.24468333,0,0,0,0.01500000,0,0,0.09701111,0.00953333,0.01970000,0,0.04103333,0,0.18617265,0.18830000,0.00530000,0,0,3.88312321,0.00580000,0,0,0,0,0,0,0,0,0,0,0.35660313,0,0,0,0,0,0
2016-06-28,0.49786667,0,1.43632222,0,0,1.42270000,2.47268333,0,0,3.12360000,0,0.94970000,0,0,0.40300294,1.58071111,0,0,0,11.52246458,3.72911667,0.28450046,0,0.93228462,0.02682000,6.37830769,1.96271111,28.37968333,0.02143333,0,0.22116667,0,0.81670000,0,0,0,0,0,0,1.12870000,0.00000000,0,0,0.71463333,0,0.83176987,0.00000000,0.94928000,0,0,2.40607967,0,0,0,0,0,0,0,0,0,0,0,0.55451765,0,0,0,0,0,0
2016-06-29,0.00000000,0,14.35870455,0,0,5.60735000,1.36786667,0,0,0,0,0.00000000,0,1.47750000,4.51594545,7.92259167,0,0,0.67520000,2.02684691,10.70178667,1.49474615,0,8.97650000,6.60567500,6.89588667,10.26112222,24.01355333,2.96732857,2.52843333,0,0,1.20096471,0,3.70670000,0,0,0,0,0,0.00000000,0,0,5.25641667,0.12220000,5.06656186,2.40720000,0.60780000,0,0,5.01221365,9.84030000,0,0,0.69750000,0,0,0,0.60260000,0,0,0,2.71142857,0,0,0,0,0.89220000,0
2016-06-30,0.04227143,0,33.66799167,0,0,0.93250000,0.11187500,0,0,0,0,0.24760000,0,0.01220000,1.24205385,1.29402000,0,0,0.43260000,1.23307368,8.45320789,1.39713310,0.06362000,3.50190667,0.94316923,15.60833750,7.78562381,21.87084444,0.17658000,0.10875000,0.23141818,0,0.01737500,0.00125000,0.01688000,0.21810000,4.43085000,0.12917500,0,0.00780000,9.72586667,0,0,1.09230000,0,0.74285595,0,0.33610000,0.12010000,0.06006000,2.76184031,0.09500000,0,0,0.24280000,0,0.12960000,0,0,0,0,0,3.76630625,0,0.27093333,0,0,0,0
2016-07-01,1.35920000,0,29.07365000,0,0,2.61690000,3.72002857,0,0,0,0,1.22295357,0,0,1.06625808,13.06945000,0,0,0,0.39300482,11.57325897,3.78315753,1.30970000,1.07581034,0.99618000,0.00000000,11.30366914,17.29900000,0.00000000,1.54530000,0.33815000,0,0.06195000,0.00000000,0,1.61172500,0.00000000,1.26860000,0,0,0.03640000,0,0,1.29880000,0,0.79902053,2.22580000,0.52132500,0,1.36030000,0.28189298,1.93463333,0,0,1.48170000,0,1.19530000,0,0,0,0,0,3.56429524,0,0,0,0,0,0
2016-07-02,0,0,0.00830000,0,0,0.29290000,9.41030000,0,0,0,0,0.72190000,0,0,3.14673333,37.38680000,0,0,0,5.19521429,10.60021364,6.18588696,0,2.09321000,4.11238750,0,10.02075390,0.50265000,0,0,0.79900000,0,0.00130000,0,13.18440000,0.00000000,0,0,0,0,9.89030000,0,0,0.58030000,0,0.82150862,0,0,0,0,0.08577748,0.00000000,0,0,0,0,0,0,0,0,0,0,3.47928571,0,0,0,0,0,0
2016-07-03,0.24894000,0,0.00000000,0,0,0.10360000,0.10916667,0,0,0.00470000,0,0.20035000,0,0.52640000,0.13174167,14.11341667,0,0,0,0.36218889,2.52537627,1.51063302,0,0.33117143,0.06839231,0,2.43795215,0.11625000,0,0,4.71870000,0,0.16570000,0.08305000,0.00500000,0.00000000,0,0,0,0,0.00976667,0,0,0.38670000,0,0.03958182,0,0.21250000,0,0,1.68078851,0.22890000,0,0,0,0,0,0,0,0,0,0,1.50529615,0,0,0,0,0,0
2016-07-04,0,0,0.00000000,2.40448889,0,0.23780000,0.12916364,0,0,0,0,2.91440000,0,0,0.82485385,7.47320000,0,0,0,0.01464500,3.83849333,1.99379500,0,0.01693333,0.19867500,0,4.19896829,0.20446667,0,0,0.08046667,0,3.17124000,0,0,0.16390000,0,0,0,0,0.05823333,0,0,0.40000000,0,2.11888349,0,0.00000000,0,0,4.40934438,0.00000000,0,0,0,0,0,0,0,0,0,0,3.87913889,0,0,0,0,0,0
2016-07-05,24.22000000,0,0.90400000,13.37362951,0,0.05970000,1.79978000,0,0,0.00706000,0,3.92255556,0,0,0.16172609,1.25151667,0,0,0,2.22780560,0.49164800,3.71153750,0.15830000,0.80871000,1.43120000,0,0.29272222,0.04700000,0.22310000,0,0.19345000,0,0.55738000,0,0,0.51712000,0,0,0,0.64662500,0.66653750,0,0,0.11412000,0,0.58531527,0,0.15165000,0,0,0.84310360,1.07820000,0,0,0,0,0,0,0,0,0,0,3.02880286,0,0,0,0,0,0
2016-07-06,0.12960000,0,0.25323333,4.44704375,0,0.00000000,0.99072424,0,0,0.01256087,0,4.34893478,0,0,0.55206500,0.00400000,0.22222500,0,0,0.16947164,0.04195000,4.64645600,0.00000000,2.35775625,0.06000000,0.24865714,0.39942500,0.06375000,0.00000000,0,1.78578000,0,0.87196667,0.00740000,9.66920000,0.78437500,0,0,0,0.01916667,1.51910000,0,0,0.15018889,0,12.96807450,0,0.00000000,0,0,6.03942810,0.01080000,0,0.35525000,0,0,0,0,0,0,0,0,6.91226471,0,0,0,0.00940000,0,0
2016-07-07,0,0,1.51422500,16.80333077,0,0,7.86778182,0,0,0.00790000,0,5.85874286,0,0,1.24367143,0,3.94056364,0,0,1.52990000,5.48890000,3.08428000,0,3.51022000,5.86243333,0.08120000,1.37233667,0.39756154,0,0,0.64317778,0,1.53580000,8.90390000,3.30237692,1.39795000,0,0,0,0.00796667,5.58610000,0,0,0.61604444,0,0.44532877,0,0.01670000,0.17530000,0,0.66634265,0.10170000,0,0.12750000,0,0,0,0,0,0,0,0,6.50995556,0,0,0,0,0,0
2016-07-08,2.03527500,0,7.27447368,6.03547059,0,0,6.71515455,0,0,0.01006000,0,17.26004297,0,0,0.15705000,0.23470000,5.95820000,0,0,0.81764314,10.50857500,3.30597455,0,3.46233158,5.63485000,0,3.22741250,0.11088333,0,0,2.48641250,0,0.00000000,0.07170000,13.30080000,0.00000000,0,0,0,0,0.02820000,0,0,2.46226000,0,0.89503486,0,0.06576667,0.38710000,0,0.92340875,3.20155000,0,0.05644000,0,0,0,0,0,0,0,0,0.07872237,0,0,0,0,0,0
2016-07-09,1.24245000,0,12.77940270,23.51861486,0,0,25.45020769,0,0,4.51665000,0,16.86178000,0,0,4.48397500,0.36796000,15.95250000,0,0,2.68835405,7.28071111,1.48330097,0,4.55794545,3.13653333,0,3.45162903,21.88453077,0,0,3.48006667,0,6.05894000,0,20.31080000,7.69345000,0,0,0,0,0,0,0,0.98174000,0,1.62547473,0,0.41720000,0.00000000,0,0.85476984,3.76775000,0,0.08900000,0,0,0,0,0,0,0,0,2.89316901,0,0,0,0,0,0
2016-07-10,0.15332500,0,22.65225600,4.43835000,0,0,21.51242222,0,0,0.00000000,0,12.58162308,0,0,1.42026667,1.04558889,0,0,0,4.02016667,7.32845797,0.38237294,0,3.09956000,4.54200000,0,1.86067639,0.15582857,0,0,0.79397000,0,1.18280000,0,1.70640000,0.00000000,0,0,0,0,0,0,0,0.32647692,0,0.33089461,0,0,0.38125000,0,1.00205252,0.00000000,0,0.33994000,0,0,0,0,0,0,0,0,6.65076129,0,0,0,0,0,0
2016-07-11,0.18343846,0,36.48097222,10.41714783,0,0,5.55862308,0,0,5.09341667,0,17.19795000,0,0,1.88950938,2.67691250,0,0,0,0.91417500,0.42270000,0.34962687,0,0.07299286,0.14197273,0,0.84621622,2.12553333,0,0,0.28840000,0,8.56750000,0,0.00680000,1.74640000,0,0,0,0,0,0,0,0.19150909,0,0.39744466,0,0,0.00000000,0,1.50485933,2.14312500,0,0.00280000,0,0,0,0,0,0,0,0,2.30754831,0,0,0,0,0,0
2016-07-12,1.60372500,0,13.47579231,21.77056984,0,0,9.05525000,0,0,1.31440000,0,0.11640000,0,0,2.88885714,3.15500000,0,0,0,1.42136338,1.02986429,5.74080000,0,1.58901429,3.78915882,3.12760000,0.15328246,1.58884000,0,0,1.74611000,0,1.73390000,0,15.58415000,0.00000000,0.05055000,0,0,0,0.04930000,0,0,0.84410000,0,1.05378642,0,0,0.00000000,0,1.34040341,9.72500000,0,0,0,0,0,0,0,0,0,0,4.73202258,0,0,0.05720000,0,0,0
2016-07-13,0.06792500,0,30.25194444,30.65442167,0,0.15560000,12.99712000,0,0,0.38735000,0,6.03860000,0,0,3.68733226,39.96440000,0,0,0,1.26559429,0.70447500,0.68804365,0,3.34018889,0.47527500,0.16670000,0.23862984,6.26345455,0.00320000,0,0.73747273,0,0.06826250,0,3.40640000,3.86060000,0,0,0,0.06801667,0.09220000,0,0,5.76695000,0,0.69554115,0,0,3.53610000,0,0.71475728,8.18170000,0,0,0,0,0,0,0,0,0,0,0.07972396,0,0,0,0,0,0
2016-07-14,0.00000000,0,52.50954000,5.61523704,0,0,26.23078333,0,0,5.93220000,0,12.11905294,0,0,4.86780816,59.88970000,0,0,0,0.45347731,7.46132500,0.81322233,0,2.44018000,1.03024545,16.11556667,0.91527582,1.17933333,0.58470000,0,0.61976000,0,2.79523333,0.17280000,0,0.00000000,0,0,0,0.35346667,0,0,0,4.56000000,0,2.13060809,0,0.28780000,0.00000000,0,0.84531328,0.20930000,0,0,0,0,0,0,0,0.05110000,0,0,0.71487895,0,0,0,0,0,0
2016-07-15,0,0,78.53317143,25.88540761,0,0,48.40937500,0,0,0.15490000,0,18.03942308,0,8.07360000,8.37472581,48.32237500,0,0,0,2.59652840,7.08711765,3.02616981,0,9.32814000,10.21565714,1.34460000,2.72091379,6.95090000,0,0,1.30580833,8.96030000,4.99550000,0,0,3.04610000,0,0,0,0.00220000,0,0.00093636,0,6.82169231,0,5.85511462,0,0.24577500,0.00000000,0,0.83306527,7.21070000,7.12610000,0,0,0,0,0,0,0,0,0,0.37449111,0,0,0,0,0.06195000,0
2016-07-16,0,0,109.00766250,36.81292903,0,0.04250000,42.45592000,0,0,10.26365000,0,21.89205000,0,0,9.18339545,43.21446667,0,0,0,5.28404396,5.73495000,0.41688560,0,4.11055652,6.76563333,2.20320000,0.52086712,0.04505000,10.26940000,0,0.00000000,0,14.19923333,11.98725000,5.77780000,0,10.26055000,0,0,10.05990000,7.94436667,10.26970000,0,0.01901111,0,1.77127953,0,0.00000000,0,0,0.81255342,0.00000000,0,0,0,0,0,0,0,0,0,0,0.04822196,0,0,0,0,0,0
2016-07-17,0.00860000,0,116.04245294,4.88167627,0,0,0.00915000,0,0,2.16996290,0,0.00000000,0,0,0.07729286,0,0,0,0,13.43110000,0.49418857,0.10191275,0,0.06073333,0.00000000,12.31192500,0.05883085,0.00563333,0,0,0.01315000,0,0.24310000,0,0,0,0,0,0,0.00000000,0.00000000,0,0,0.04868571,0,0.80618295,0,0.00830000,0,0,0.86485880,0,0,0,0.21347917,0,0,0,0,0,0,0,0.06959780,0,0,0,0,0.00030000,0
2016-07-18,0.05445000,0,55.55428000,14.07884912,0,0,0.00701667,0,0,3.62339677,0,0.02415000,0,0,1.69536667,0.09080000,0,0,0,6.75623265,1.45921538,0.32793103,0,0.10700000,3.54531429,15.81170000,0.23478913,0.00560000,0,0,0.60830909,0,0.07780000,0,0,3.60405000,0,0,0,0.52805000,0,0,0,1.61867500,0,0.39769199,0,0.01470000,0,0,0.87594602,1.98140000,0,0,0,0,0,0,0,0,0,0,0.13150200,0,0,0,0,0.00420000,0
2016-07-19,0,0,0.00000000,0,0,0,18.40343333,0,0,0,0,0.00000000,0,0,14.29312500,0,0,0,0,40.89858824,0.10170000,11.57080000,0,109.34323333,55.30165000,0.00000000,8.80067727,0,0,0,0,0,6.78280000,0,0,6.01190000,0,0,0,0,0,0,0,0.00000000,0,5.77084194,0,0.32000000,0,0,6.61514738,0,0,0,0,0,0,0,0,0,0,0,22.79720000,0,0,0,0,0,0
2016-07-20,0.01060000,0,40.21202500,27.55800333,0,0,27.40700000,0,0,0.86500000,0,19.85138667,0,0,4.64155556,0,0,0,0,5.42360125,10.87566471,1.29677788,0,4.55679231,6.39951250,8.40250000,0.31491339,11.84040000,0,0,1.64628889,0,0.90820000,0.04455000,0.15390000,0.00000000,0,0,0,6.00854444,0,0.04776667,0,0,0,5.94694408,0,0.14408333,0,0,2.89223734,11.22610000,0,0,0,0,0,0,0,0,0,0,20.86561731,0,0,0,0,0,0
2016-07-21,0,0,4.92260000,24.49286364,0,0,61.63012500,0,0,0.61546667,0,9.19833333,0,0,7.75426538,0,0,0,0,15.17437264,9.09568462,0.52165669,0,41.25840000,25.04296000,5.16110000,1.28744701,9.73318333,0,0,2.72421429,0,9.09990000,0,0.00000000,0,0,0,0,5.64030000,0.00610000,1.78940000,0,0.33960000,0,5.04778683,0,1.05500000,0,0,2.05264409,0,0,0,0,0,0,0,0,0,0,0,0.08346590,0,0,0,0,0,0
2016-07-22,0,0,17.17111250,0.23636000,0,0,37.53038000,0,0,1.25265000,0,9.60594400,0,0,18.43880000,0,0,0,0,9.64232414,6.39132667,2.46211282,0,23.53361250,43.47843333,7.56843333,4.43455365,2.12810000,0,0,0.93932222,0.23520000,0.22125000,0,0,5.08720000,0,0.33030000,0,0.28922000,0.42780000,0.18936667,0,0.12220000,0,3.62220903,0,1.28420000,0.78420000,0,3.76835401,0.00720000,0,0,0,0,0,0,0,0,0,0,0.09382471,0,0,0,0,0,0
2016-07-23,0,0,43.74161667,0.00000000,0,0,20.69216667,0,0,0,0,16.15794167,0,0,14.32641452,0,0,0,0,22.36823433,8.95172500,7.53866403,0,12.23918333,42.16528333,6.17566667,4.06234371,41.27146667,0,0,4.29254000,0.67445000,69.16670000,0,0,10.64390000,0,0.38546667,0,19.03220000,1.63064167,0.00000000,0,0,0,6.82602764,0,0,4.86030000,0,2.43110805,0,0,0,0,0,0,0,0,0,0,0,0.02398277,0,0,0,0,0,0
2016-07-24,0,0,49.21286154,0,0,0,30.34055000,0,0,0,0,3.33847778,0,0,32.33142000,0.12190000,0,0,0,40.91097581,3.75263000,3.13842277,0,61.21602500,95.61073333,3.46880000,4.58587283,6.40420000,0,0,1.25960833,0.78210000,4.13595000,0.28135000,0,0,0,0,0,0.00280000,1.31390000,0.08830000,0,0,0,1.15086331,0,0.10830000,0.00000000,0,1.23115891,0,0,0,0,0,0,0,0,0,0,0,0.01897592,0,0,0,0,0,0
2016-07-25,0,0,54.50335000,0.12360000,0,0,66.83940000,0,0,0.94590000,0,4.09170000,0,0,45.39568507,0,0,0,0,20.06532571,1.63848750,2.19055343,0,2.50936875,67.10703333,0.34911667,3.26752323,0.74190000,0.01060000,0,1.05367500,0.90410000,0.64810000,0,0.05920000,0,0,0,0,11.30890000,9.02110000,0,0,0.15440000,0,1.30426501,0,0.01080000,0.00000000,0,1.19910529,0,0,2.24457143,0,0,0,0,0,0,0,0,0.09347976,0,0,0,0,0,0
2016-07-26,0.81227500,0,55.19749167,0.06566250,0,0,3.19858000,0,0,0.64250000,0,1.64728333,0,0,18.72615238,20.49765000,0,0,0,27.26847879,1.45248182,3.08755648,0,4.36889231,19.21212222,0.00000000,1.13400526,3.27875000,0,0.00915000,2.17221667,0,1.15006667,33.80890000,37.05860000,0,0.51595000,0.01430000,0,13.24170000,1.56220000,0,0,0.05460000,0,0.63046435,0,0,4.24750000,0,0.99843252,0,0,1.32371875,0,0,0,0,0,0,0,0,0.05302718,0,0,0,0,0,0
2016-07-27,0.87313333,0,45.28166136,0,0,0,8.05820000,0,0,0.09020000,0,6.17598571,0,0,12.24001270,0,0,0,0,7.69015152,6.03311765,5.63776458,0,5.75739231,2.69995000,0.07330000,0.14843333,0.94396000,0,0,3.48405000,0,1.72110000,0,0,0,0.00000000,0,0,0.00000000,0.21833333,0,0,0.21265000,0,0.54439807,0,0.53555714,0.00000000,0,1.51541798,0,0,1.12227500,0,0,0,0,0,0,0,0,0.04507511,0,0,0,0,0,0
2016-07-28,0.34597500,0,71.20106333,0.11396667,0,0,9.64473333,0,0,0.11156667,0,1.65405000,0,0,5.99640000,0,0,0,0,37.51368313,0.11496500,3.33690833,0,4.41291395,18.79860000,0.00000000,4.11396085,1.53433750,6.56924000,0,1.00083333,0,5.36982000,0,0,0,0.00000000,0,0,8.76725000,0.00000000,0,0,0.31540000,0,0.61459031,0,0.56418000,0,0,0.70240091,0,0,2.87220000,0,0,0,0,0,0,0,0,0.05029700,0,0,0,0,0,0
2016-07-29,0.82305000,0,79.62596667,0.22586000,0,0,7.73850000,0,0,0.46275000,0,0.00000000,0,0,15.71281250,6.49440000,0,0,0,6.55011146,12.86642857,2.37458182,0,13.76771818,3.26202500,0.39580000,1.54089000,0.10835000,8.23282000,0,1.98155000,0.28900000,4.33436000,0.02695000,0.03000000,0,2.21780000,0,0,3.58078000,0.00420000,0.00810000,0,0,0,0.84558962,0,0.79566000,0,0,0.95411050,0.17940000,0,1.39728889,0,0,0,0,0,0,0.54590000,0,0.13701952,0,0,0,0,0,0
2016-07-30,2.79860000,0,42.90786667,0,0,0,96.84165000,0,0,8.20600000,0,7.50500000,0,0,19.86320714,12.77470000,0,0,0,11.67485991,5.94685556,5.16522222,0,4.17380000,6.70146667,0.15420000,3.56388082,0,0.00000000,0,0,0,12.14268333,0,0,0,0.00000000,0,0,0,0,3.11706875,0,0,0,0.99067042,0,0.30404286,0,0,1.63781161,0.61895000,0,0.00000000,0,0,0,0,0,0,0.79140000,0,0.07208453,0,0,0,0,0,0
2016-07-31,0.00000000,0,34.68343684,0,0,0,61.34056667,0,0,0.00690000,0,0.00000000,0,0,31.58206154,0.00000000,0,0,0,27.65459301,0.00380000,0.00513333,0,36.88743333,0.00470000,0.00000000,0.19458462,0,8.02242500,0,0,0,0.00610000,0,0.00170000,0,0.00000000,0,0,9.23600000,0,0,0,0,0,0.12712441,0,0.00796000,0,0,1.69065454,0,0,0,0,0,0,0,0,0,0.00386667,0,0.00432500,0,0,0,0,0,0
