Day,[1728] Wait Hours: Per Job,[112] Wait Hours: Per Job,[320] Wait Hours: Per Job,[224] Wait Hours: Per Job,[1440] Wait Hours: Per Job,[336] Wait Hours: Per Job,[384] Wait Hours: Per Job,[496] Wait Hours: Per Job,[448] Wait Hours: Per Job,[272] Wait Hours: Per Job,[720] Wait Hours: Per Job,[624] Wait Hours: Per Job,[1024] Wait Hours: Per Job,[304] Wait Hours: Per Job,[256] Wait Hours: Per Job,[96] Wait Hours: Per Job,[768] Wait Hours: Per Job,[240] Wait Hours: Per Job,[32] Wait Hours: Per Job,[528] Wait Hours: Per Job,[512] Wait Hours: Per Job,[48] Wait Hours: Per Job,[64] Wait Hours: Per Job,[128] Wait Hours: Per Job,[16] Wait Hours: Per Job,[672] Wait Hours: Per Job,[576] Wait Hours: Per Job,[992] Wait Hours: Per Job,[144] Wait Hours: Per Job,[160] Wait Hours: Per Job,[736] Wait Hours: Per Job,[80] Wait Hours: Per Job,[640] Wait Hours: Per Job,[368] Wait Hours: Per Job,[480] Wait Hours: Per Job,[192] Wait Hours: Per Job,[208] Wait Hours: Per Job,[400] Wait Hours: Per Job,[288] Wait Hours: Per Job,[176] Wait Hours: Per Job,[8] Wait Hours: Per Job,[704] Wait Hours: Per Job
2011-08-01,0,2.78442424,0,0,0,0,0,0,0,0,0,0,0,0,0,1.19910000,0,0,1.90890795,0,0,0.00030000,0.61080000,0.99500000,0.91232386,0,0,0,5.65411667,0.00140000,0,0,0,0,0,0,0,0,0,0,0,0
2011-08-02,0,0.00118571,0,0,0,0,0,0,0,0,0,0,0,0,0,0.00075714,0,0,0.01325000,0,0,0.00000000,0.00520000,0,0.00310875,0,0,0,0.00000000,0.00000000,0,0,0,0,0,0,0,0,0,0,0,0
2011-08-03,0,0,0,0,0,0,0,0,0,0,0,0,0,0,0,0.00000000,0,0,0,0,0,0,0.00000000,0,3.03521818,0,0,0,0.00000000,0,0,0,0,0,0,0,0,0,0,0,0,0
2011-08-04,0,0,0,0,0,0,7.54670000,0,0,0,0,0,0,0,0,42.49762000,11.04390000,0,43.57020000,0,38.04780000,15.08025000,31.65466216,40.90235000,35.97081829,0,0,0,8.17890000,0,0,0,0,0,0,6.85220000,0,0,0,0,0,0
2011-08-05,0,0,0,0,0,0,0,0,0,0,0,0,0,0,0,2.03583333,0,0,26.41662500,0,0.00000000,0,8.17623750,4.22010000,4.22388769,0,0,0,0.00000000,0,0,1.76580000,0,0,0,0,0,0,0,0,0,0
2011-08-06,0,0,0,0,0,0,0,0,0,0,0,0,43.27170000,0,0,13.36805000,0,0,10.76849706,0,0,0.00080000,31.85710000,2.38695000,2.31775185,0,0,0,0.00000000,0,0,0,0,0,0,0,0,0,0,0,0,0
2011-08-07,0,0,0,208.26000000,0,0,0,0,0,0,0,0,43.81890000,0,0,18.93744000,0,0,19.70654255,0,0,0.06435000,8.27747273,0.92646667,1.25420202,0,0,0,7.30943333,0,0,0.01915000,0,0,0,0,0,0,0,0,0,0
2011-08-08,0,0,0,171.08798750,0,0,0,0,0,0,0,0,0,0,0,4.41090000,0,0,9.43448654,0,0,0.10610000,5.10440714,7.53110000,0.54728066,0,0,0,0.00000000,0,0,1.83897500,0,0,0,0,0,0,0,0,0,0
2011-08-09,0,119.46690000,0,157.08658750,0,0,0,0,0,0,0,0,0,0,0,3.32357500,0,0,4.00713800,0,0,0.00060000,8.39104792,0,0.72739754,0,0,0,0.19080000,0,0,4.98790000,0,0,0,0,0,0,0,0,0,0
2011-08-10,0,129.88280000,0,0,0,0,0,0,0,0,0,0,0,0,0,8.86456667,0,0,0.82552857,0,19.89970000,0.00000000,3.20333571,0.91530000,0.56122039,0,0,0,0.00000000,0,0,3.64407500,0,0,0,0,0,0,0,0,0,0
2011-08-11,0,156.65373200,0,0,0,0,0,0,0,0,0,0,0,0,0,22.20000000,0,0,3.62631304,0,0.00000000,0.00070000,12.50463929,0.00000000,2.90320677,0,0,0,1.82835000,34.65280000,0,0.00000000,0,0,0,0,0,0,0,0,0,0
2011-08-12,0,105.82132000,0,0,0,0,0,0,0,0,0,0,0,0,0,0.02150909,0,0,1.48450541,0,12.43970000,0.00000000,4.57433333,0,0.55307902,0,0,0,8.37750000,0.16640000,0,0,0,0,0,0,0,0,0,0,0,0
2011-08-13,0,24.32148627,0,0,0,0,0,0,0,0,0,0,0,0,0,0.86015000,0,0,0.17526316,0,0,0,3.75416250,0,1.33943813,0,0,0,0.00000000,0.00000000,0,0,0,0,0,0,0,0,0,0,0,0
2011-08-14,0,33.68921875,0,7.27242778,0,0,0,0,0,0,0,0,0,0,0,0.00060000,0,0,5.71679231,0,0,0.00080000,8.59370000,71.96250000,0.46442672,0,0,0,0,0.00080000,0,0,0,0,0,0,0,0,0,0,0,0
2011-08-15,0,23.37453333,0,0,0,0,0,0,0,0,0,0,0,0,0,7.28270000,0,0,1.84046923,0,0,0.00045000,5.09255263,0.25797500,3.59212152,0,0,0,7.74710000,0.00080000,0,0,0,0,0,0,0,0,0,0,0,0
2011-08-16,0,0,0,23.17940000,0,0,0,0,0,0,0,0,0,0,0.00078000,0.00155000,0,0,0.05781951,0,0,0.15110000,1.08957632,2.82895000,1.13236688,0,0,0,0.00000000,0.00220000,0,0,0,0,0,0,0,0,0,0,0,0
2011-08-17,0,0,0,43.91989315,0,0,0,0,0,0,0,0,0,0,0.00000000,0.00320000,0,0,0.34027250,0,0,0.00710000,0.18071951,0.00000000,0.27385353,0,0,0,0,0.00000000,0,0,0,0,0,0,0,0,0,0,0,0
2011-08-18,0,0,0,23.48790000,0,0,0,0,0,0,0,0,0,0,9.98600000,0.88985000,0,0,0.60239545,0,13.93610000,0.03771429,1.41722174,0.94220000,0.71420146,0,0,0,0,0.00280000,0,0,0,0,0,0,0,0,0,0,0,0
2011-08-19,0,0,0,47.81350625,0,0,0,0,0,0,0,0,0,0,14.67780000,2.13480000,0,0,0.85382500,0,0.00080000,0.39080000,1.38390000,3.84965000,1.65638158,0,0,0,0,1.13630000,0,0,0,0,0,0,0,0,0,0,0,0
2011-08-20,0,0,0,65.26369259,0,0,0,0,0,0,0,0,0,0,0,3.00124000,0,0,0.58286667,0,25.25440000,2.27330000,9.71123182,23.29253333,0.65183529,0,0,0,0,2.26060000,0,0,0,0,0,0,0,0,0,0,0,0
2011-08-21,0,0,0,44.13860000,0,0,0,0,0,0,0,0,0,0,0,3.12000000,0,0,0.65641111,0,0.00000000,0.38810000,20.14034167,33.87810000,0.99413027,0,0,0,0,0.19330000,0,0,0,0,0,0,0,0,0,0,0,0
2011-08-22,0,0,0,58.30407778,0,0,0,0,0,0,0,0,0,0,0.99790000,0.72694286,0,0,1.00038857,0,3.53165000,0.25186667,4.00963952,0.56985000,0.68936618,0,0,0,0,1.26276667,0,3.32500000,1.61690000,0,0,0.91203333,0,0,0,0,0,0
2011-08-23,0,0,0,68.37499048,0,0,0,0,0,0,0,0,12.92960000,0,11.61720000,3.79953000,0,0,0.24575000,0,0,1.28271250,2.00288481,0.71750000,0.64845689,0,0,0,0,3.11440000,0,3.88445000,0,0,0,11.29440000,0,0,0,0,0,0
2011-08-24,0,0,0,77.49220556,0,0,0,0,0,0,0,0,0,0,0.61640000,2.40612857,0,0,2.05192759,0,0,0.60188500,1.86269800,0.84011429,1.24484615,0,0,0,0,0.03390000,0,0.00000000,0,0,0,2.55280000,0,0,0,0,0,0
2011-08-25,0,0,0,69.59790952,0,0,0,0,0,0,0,0,0,0,31.70110000,1.49344000,0,0,2.66087857,0,0,0.32786667,5.83376667,0.17734444,0.92868317,0,0,0,0,0.40060000,0,0.00170000,0,0,0,2.33830000,0,0,0,0,0,0
2011-08-26,0,0,0,61.50671935,0,0,0,0,0,0,0,0,0,0,0.44280000,6.28270000,0,0,0.07182703,0,0,0.19570000,3.80473654,0.15090000,0.41400449,0,0,0,0,0.58040000,0,0.00000000,0,0,0,0.86220000,0,0,0,0,0,0
2011-08-27,0,0,0,35.92014783,0,0,0,0,0,0,0,0,0,0,0,0.00000000,0,0,0.16989375,0,0,2.34035882,15.53945385,12.12460000,0.88701975,0,0,0,0,0.24335000,0,0,0,0,0,1.94085000,0,0,0,0,0,0
2011-08-28,0,0,0,37.48310952,0,0,0,0,0,0,0,0,0,0,0,0.01265000,0,0,0.00110000,0,13.56260000,0.00470000,0.09355500,0.00000000,1.15226977,0,0,0,0,0.51680000,0,0,0,0,0,0.00426667,0,0,0,0,0,0
2011-08-29,0,0,0,0,0,0,0,0,0,0,0,0,0,0,1.49632500,10.29080000,0,0,1.00220000,0,0.25520000,0.14214444,4.56445714,0.90729167,0.49684204,0,0,0,0,0.00000000,0,0,0,0,0,0.00000000,0,0,0,0,0,0
2011-08-30,0,0,0,0,0,0,0,0,0,0,0,0,0,0,7.74438333,0.00000000,0,0,0.79227083,0,0.00000000,7.31201818,1.43504762,0.17360000,2.55609037,0,0,0,0,2.76210000,0,2.42500000,0,0,0,0.53440000,0,0,0,0,0,0
2011-08-31,0,0,0,0,0,0,0,0,0,0,0,0,0,0,16.13680000,15.32083333,0,0,1.10032414,0,3.41860000,1.31726000,9.69003600,8.99445000,8.00159600,0,0,0,0,1.03720000,0,1.52360000,0,0,0,1.28530000,0,0,0,0,0,0
2011-09-01,0,0,0,0,0,0,0,0,0,0,0,0,0,0,9.95304000,0.00070000,0,0,2.60244151,0,0.34140000,0.65890000,1.68142667,5.34115000,1.22837500,0,0,0,0,0.00000000,0,0.65379500,0,0,0,0,0,0,0,0,0,0
2011-09-02,0,0,0,0,0,0,0,0,0,0,0,0,0,0,10.22890000,0.19125000,0,0,8.15404359,0,0.00000000,3.92065714,7.90380000,0.39220000,1.50183649,0,0,0,0,0.48670000,0,1.83015000,0,0,0,0,0,0,0,0,0,0
2011-09-03,0,0,0,0,0,0,0,0,0,0,0,0,0,0,26.53872000,0.00000000,0,0,13.96856471,6.20250000,0.00000000,12.49605714,16.92220323,6.86442500,2.10876691,0,0,0,1.32750000,27.81940000,0,3.81077500,0,0,0,0,0,0,0,0,0,0
2011-09-04,0,0,0,0,0,0,0,0,0,0,0,0,0,0,0.00000000,43.39440000,0,0,1.20434286,6.26370000,0,2.87455909,24.06630345,0.41280000,0.42704318,0,0,0,0.00000000,3.64750000,0,2.24445000,0,0,0,0,0,0,0,0,0,0
2011-09-05,0,0,0,0,0,0,0,0,0,0,0,0,0,0,4.66205000,0.00000000,0,0,4.43676429,3.68156667,3.04390000,4.00393333,3.82289412,9.63695000,6.08238545,0,0,0,0.00000000,0.00000000,0,2.75781429,0,0,0,0,0,0,0,0,0,0
2011-09-06,0,0,0,1.48360000,0,0,0,0,0,0,0,0,0,0,6.34473333,2.02870000,0,0,2.43788947,0,6.00280000,7.26454118,2.39683200,4.48027500,2.43950783,0,0,0,0,0.32970000,0,0.62280000,0,0,0,0,0,0,0,0,0,0
2011-09-07,0,0,0,20.36011000,0,0,0,0,0,0,0,0,0,0,1.60110000,4.07250000,0,0,0.39795000,0,27.00750000,0.00140000,0.96447258,0.94520000,0.31141471,0,0,0,0,0.00000000,0,0.05905000,0,0,0,0,0,0,0,0,0,0
2011-09-08,0,9.64661143,0,36.76438696,0,0,0,0,0,0,0,0,0,0,1.42583333,6.63560000,0,0,0.97966111,0,0,0.16745714,0.85781379,2.86706667,0.15366512,0,0,0,0,0,0,0.42415000,0,0,0,0,0,0,0,0,0,0
2011-09-09,0,23.22250000,0,35.08330000,0,0,0,0,0,0,0,0,0,0,3.76800000,0.00000000,0,0,3.45458750,0,2.94713333,2.53707500,4.99576071,3.51935000,0.78125841,0,0,0,0,1.83810000,0,0.00000000,0,0,0,0,0,0,0,0,0,0
2011-09-10,0,37.61756000,0,0,0,0,0,0,0,0,0,0,0,0,20.34943333,11.51390000,0,0,9.48344211,0,9.47585000,0.87680000,3.64457500,3.28300000,5.16152069,0,0,0,0,12.98610000,0,14.34530000,0,0,0,0,0,0,0,0,0,0
2011-09-11,0,59.74231667,0,0,0,0,0,0,0,0,0,0,0,0,53.27190000,0.67670000,0,0,3.48616000,0,0,2.75936667,27.55557692,13.53280000,2.89489114,0,0,0,0,0,0,0,0,0,0,0,0,0,0,0,0,0
2011-09-12,0,81.15723500,0,0,0,0,0,0,0,0,0,0,0,0,31.94203333,0.17540000,0,0,5.07091600,0,1.45985000,3.03444000,13.36052553,9.41911111,0.74151057,0,0,0,0,3.10515000,0,0,0,0,0,0,0,0,0,0,0,0
2011-09-13,0,99.19012500,0,134.94743571,0,0,0,0,0,0,0,0,0,0,13.67950000,3.59655000,0,0,3.46738750,0,0.00000000,0.88696667,1.22882368,1.35210000,0.32333149,0,0,0,0,0.00060000,0,0,0,0,0,0,0,0,0,0.93230000,0,0
2011-09-14,0,0,0,13.09216667,0,0,0,0,0,0,0,0,0,0,0.43222500,0.32320000,0,0,1.77617778,0,0,0.20610000,1.37316167,0.48790000,0.49269912,0,0,0,0,0.00060000,0,0,0,0,0,0,0,0,0,0,0,0
2011-09-15,0,13.01580000,2.45470000,45.79564211,0,0,0,0,0,0,0,0,0,0,1.22603750,5.87890000,0,0,2.82894419,0,0,6.79482000,5.12437917,3.87170000,1.09915429,0,0,0,0,0.00000000,0,6.36180000,0,0,0,0,0,0,0,0,0,0
2011-09-16,0,49.46140000,0,41.82030000,0,0,0,0,0,0,14.38530000,0,0,0,0.68780000,4.07360000,0,0,7.06492909,0,0,0.30835000,10.59531538,2.13293333,0.32704743,0,0,0,0,18.84420000,0,7.25540000,0,0,0,0,0,0,0,0,0,0
2011-09-17,0,60.14156667,21.29470000,65.05670000,0,0,0,0,0,0,0,0,0,0,14.76180000,5.74613333,0,0,11.66724615,0,0,0.59280000,2.28516875,1.77155000,0.48243820,0,0,0,0,4.15170000,0,1.69457500,0,0,0,0,0,0,0,0,0,0
2011-09-18,0,81.16067143,0,97.54088571,53.05000000,0,0,0,0,0,0,0,0,0,2.53220000,0.26735000,0,0,7.92206154,0,0,8.00500000,5.63468462,0.87142857,1.11596364,0,0,0,0,0.00000000,0,0.00000000,0,0,0,0,0,0,0,0,0,0
2011-09-19,0,3.93360000,0,96.65445833,0,0,0,0,0,0,7.75170000,0,0,0,0.23445000,7.80651000,0,0,2.35449245,0,0,0.68700833,0.95194333,3.15951250,0.63185931,0,0,0,0,1.23430000,0,0,0,0,0,0,0,0,0,0,0,0
2011-09-20,0,18.88861250,0,132.03735000,0,0,0,0,0,0,0,0,0,0,12.86182500,2.26585000,0,0,0.67814583,0,0,1.09721667,12.01122973,6.13414545,0.56770390,0,0,0,0,0.00000000,0,35.41790000,0,0,0,0,0,0,0,0,0,0
2011-09-21,0,35.17916667,0,0,0,0,0,0,0,0,0,0,0,0,2.40750000,14.27640000,0,0,2.49702791,0,0,2.90526667,4.13866774,6.83377500,0.24720075,0,0,0,0,1.28250000,0,0.00000000,0,0,0,0,0,0,0,0,0,0
2011-09-22,0,70.91298750,0,0,0,0,0,0,0,0,11.91860000,0,0,0,8.95500000,0.76640000,0,0,5.43986190,0,6.21140000,6.21775294,4.92120625,3.96712000,0.64685922,0,0,0,0,0.72500000,0,1.51670000,0,0,0,0,0,0,0,0,0,0
2011-09-23,0,86.04852000,0,0,0,0,0,0,0,0,0.00000000,0,0,0,1.16610000,0.00000000,0,0,1.79633103,0,0,4.95060000,1.78149412,2.18712500,0.43707023,0,0,0,0,1.37170000,0,0.04110000,0,0,0,0,0,0,0,0,0,0
2011-09-24,0,111.33583889,0,0,0,0,0,0,0,0,0,0,0,0,5.33835000,32.48920000,0,0,3.42384904,0,0,3.45948571,0.05320000,2.87665000,2.61049118,0,0,0,0,8.18310000,0,0.00000000,0,0,0,0,0,0,0,0,0,0
2011-09-25,0,133.01052500,0,0,0,0,0,0,0,0,0,0,0,0,2.26730000,0.00000000,0,0,1.05361765,0,0,7.68890000,0.40781538,2.55970000,0.09892195,0,0,0,0,0.00000000,0,0.00000000,0,0,0,0,0,0,0,0,0,0
2011-09-26,0,133.08500000,0,44.81719118,0,0,0,0,0,0,0,0,0,0,0.00000000,0.00155000,0,0,5.32790698,0,0,6.91629412,0.85116957,1.71616667,0.91102771,0,0,0,0,0.00000000,0,0,0,0,0,0,0,0,0,0,0,0
2011-09-27,0,141.49568000,0,92.12900909,0,0,0,0,0,0,0,0,0,0,12.48636667,0.00000000,0,0,7.84848152,0,0,5.61850000,1.28257333,5.73848571,1.16951538,0,0,0,0,0,0,0.43836667,0,0,0,0,0,0,0,0,0,0
2011-09-28,0,0.00000000,0,59.80463333,0,0,0,0,0,0,0,0,0,0,8.36185000,5.79984000,0,0,16.74241967,0,0,0.33310000,2.38665455,3.63780000,2.19963182,0,0,0,0,0,0,0.16016667,0,0,0,0,0,0,0,0,0,0
2011-09-29,0,0,0,99.17380000,0,0,0,0,0,0,0,0,0,0,10.19921667,22.19020000,0,0,36.20572424,0,0,19.50250000,6.92670952,16.30281250,0.83723590,0,0,0,0,19.75940000,0,0,0,0,0,0,0,0,0,0,0,0
2011-09-30,0,0,0,95.92322424,0,0,0,0,0,0,0,0,2.90556667,0,0.96625000,8.74176667,0,0,25.07219639,0,0.68915000,0.02550000,0.54237692,4.15917143,0.69448383,0,0,0,0,0.00000000,0,0,0,0,0,0,0,0,0,0,0,0
2011-10-01,0,0,0,105.88187273,0,0,0,0,0,0,0,0,0,0,0.00000000,2.21646667,0,0,6.22068881,0,0,8.40151111,1.75022222,2.27535714,0.24360000,0,0,0,0,0,0,0.15580000,0,0,0,0,0,0,0,0,0,0
2011-10-02,0,152.23652500,0,131.92056282,0,0,0,0,0,0,0,0,0,0,150.58110000,19.00275000,0,0,8.89512514,0,0,12.98212308,0.98296000,4.06718000,1.06367379,0,0,0,0,0,0,0.00000000,0,0,0,0,0,0,0,0,0,0
2011-10-03,0,0.00000000,0,0.00000000,0,0,0,0,0,0,0,0,0,0,32.25805000,7.75280000,0,0,1.32428750,0,0,0.60185333,0.36857500,0.66906875,0.73628395,0,0,0,0,0,0,0,0,0,0,0,0,0,0,0,0,0
2011-10-04,0,0,0,0,0,0,0,0,0,0,0,0,16.00180000,0,11.40835000,0,0,0,2.84277500,0,12.98750000,19.85526667,12.16896667,15.23963333,4.59181731,0,0,0,0,13.54040000,0,0,9.03310000,0,0,0,0,0,0,0,0,0
2011-10-05,0,0,0,0,0,0,0,0,0,0,0,0,0.00000000,0,1.61522500,34.90280000,0,0,1.81464125,0,1.89600000,11.21301233,10.21500444,4.73625000,16.88840372,0,0,0,0,2.00056000,0,7.63470000,0,0,0,0,0,0,0,0,0,0
2011-10-06,0,0,0,0,0,0,0,0,0,0,0,0,0,0,1.08830000,0.00000000,0,0,2.95062424,0,1.50330000,2.15363750,2.16485000,0.32842500,0.20109416,0,0,0,0,1.60220000,0,1.39843333,0,0,0,0,0,0,0,0,0,0
2011-10-07,0,0,0,0,0,0,0,0,0,0,0,0,9.72195000,0,4.74690000,4.35420000,0,0,7.72897624,0,3.48970000,8.66992727,3.55685000,2.37956000,0.90231739,0,0,0,0,12.51920000,0,15.34560000,0,0,0,0,0,0,0,0,0,0
2011-10-08,0,0,0,0,0,0,0,0,0,0,0,0,0,0,6.94094000,0.00000000,0,0,14.21491224,0,0.00000000,12.97369474,4.72045882,0.21942143,0.01965938,0,0,0,0,0,0,0.00000000,0,0,0,0,0,0,0,0,0,0
2011-10-09,0,0,0,0,0,0,0,0,0,0,0,0,0,0,0.00080000,0.00000000,0,0,3.53917540,0,0.00100000,0.01278182,0.45651250,0.18325385,0.17172830,0,0,0,0,0,0,0,0,0,0,0,0,0,0,0,0.00000000,0
2011-10-10,0,0,0,0,0,0,0,0,0,0,0,0,0,0,0,0,0,0,1.17710769,0,0,0,0.00591250,0.00600000,0.04019565,0,0,0,0,0,0,0,0,0,0,0,0,0,0,0,0.00000000,0
2011-10-12,0,0,0,0,0,0,2.18860000,0,0,0,0,0,0,0,8.32565000,14.13840000,2.18140000,0,13.68708222,0,1.69172000,12.10945484,12.60329412,3.09355000,3.10297182,0,0,0,0,30.65900000,0,2.63648000,0,0,5.14690000,1.09890000,0,0,0,0,0.00000000,0
2011-10-13,0,0.00125000,0,0,0,0,0,0,0,0,0,0,0,0,0.37030000,0.00000000,0,0,0.50799815,0,1.69335000,0.02780000,2.05305652,0.96185000,0.23533297,0,0,0,0,0,0,0.32513077,0,0,0.00080000,0,0,0,0,0,0,0
2011-10-14,0,0,0,0,0,0,0,0,0,0,0,0.00080000,0,0,0.00630000,0.00000000,0,0,0.04643500,0,0.00490000,0.00083333,0.06574145,0.09805548,0.01466406,0,0,0,0,0.00394444,0,0.00175000,0,0,0.00000000,0,0,0,0,0,0,0
2011-10-15,0,0,0,0,0,0,0,0,0,0,0,0,0,0,0,0.00000000,0,0.00110000,0.00920500,0,0,1.10695000,0.01264286,0.01753529,0.00298671,0,0,0,0,0.00000000,0,0.00080000,0,0,0,0,0,0,0,0,0,0
2011-10-16,0,0,0,0,0,0,0,0,0,0,0,19.30320000,0.00060000,0,0.00127500,0.00110000,0,0.00072500,0.05966500,0,0.00066667,0.00071111,0.00493333,0.00176667,0.07348267,0,0,0,0,0.00060000,0,0.00080000,0,0,0,0,0,0,0,0,0,0
2011-10-17,0,0,0,0,0,0,0,0,0,0,0,0.00110000,0,0,0.00090000,0.00327500,0,0,0.15316000,0,0.00270000,0.00070000,0.00310000,0.00356000,0.03509006,0,0,0,0,0.00090000,0,0,0,0,0,0,0,0,0,0,0.00000000,0
2011-10-18,0,0.00110000,0,0.00060000,0,0,0,0,0,0,0,0,0,0,3.66235000,0.00000000,0,0,0.00476429,0,0.00078000,0.00072500,0.03982381,0.00053333,0.00397007,0,0,0,0,0,0,0,0,0,0,0,0,0,0,0,0,0
2011-10-19,0,0,0,0.00242000,0,0,0,0,0,0,0,0,0,0,0.00396667,0.00110000,0,0,0.18534545,0,0,12.13923478,0.41699474,1.00600000,0.67808725,0,0,0,0,0,0,0,0,3.06530000,0,0,0,0,0,0,0,0
2011-10-20,0,0.90610000,0,0.00000000,0,0,0,0,0,0,0,0,0,0,4.29390000,0.41431818,0,0,0.09468636,0,0.13830000,0.14166000,3.91615556,1.05186875,0.07724339,0,0,0,0,0,0,0,0,2.43030000,0,0.00250000,0,0,0,0,0,0
2011-10-21,0,0,0,1.12042500,0,0,0,0,0,0,0,0,0,0,0.00695000,0.00000000,0,0,0.36757692,0,3.90580000,1.11819545,0.12594000,0.42207222,0.25940119,0,0,0,0,0,0,0,0,0.00000000,0,0,0,0,0,0,0,0
2011-10-22,0,0,0,0,0,0,0,0,0,0,0,0,0,0,1.79565000,27.11690000,0,0,1.58224444,0,0.00093333,0.00140000,2.28285714,0.35945556,0.48612133,0,0,0,0,0,0,0,0,0.00000000,0,0,0,0,0,0,0,0
2011-10-23,0,0.00075714,0,0.69056000,0,0,0,0,0,0,0,0,0,0,0.00060000,36.64193333,0,0,9.24056667,0,0.00060000,0.00000000,24.52363333,36.71530000,0.63460444,0,0,0,0,0,0,0,0,0,0,0,0,0,0,0,0,0
2011-10-24,0,23.28330000,0,13.70250000,0,0,0,0,0,0,0,0,0,0,0.56970000,1.02730000,0,0,4.19852727,0,12.19670000,3.00874000,7.58784000,9.95544000,5.24413929,0,0,0,0,4.29690000,0,0,0,0,0,0,0,0,0,0,0,0
2011-10-25,0,0,0,0,0,0,0,0,0,0,0,0,0,0,1.26535000,3.79713333,0,1.97890000,1.47205000,0,0.02830000,1.19100000,1.14573333,5.08777500,1.07806319,0,0,0,0,2.68485000,0,0.29725000,0,0,0,0,0,0,0,0,0,0
2011-10-26,0,0.00063333,0,0,0,0,0,0,0,0,0,0,0,0,6.07337778,0.00000000,0,0,0.78460323,0,0,6.01378750,6.04239310,4.85230000,1.16556517,0,0,0,1.73420000,3.37230000,0,0.87515000,0,0,0,0,0,0,0,0,0,0
2011-10-27,0,0.00000000,0,0,0,0,0,0,0,0,0,0,0,0,21.31905000,0.12765000,0,0,5.93601236,0,0,0.90632857,2.90117333,0.43369000,0.12733649,0,0,0,0.00000000,0.08662000,0,1.51086667,0,0,0,0,0,0,0,0,0,0
2011-10-28,0,0,0,3.26190000,0,0,0,0,0,0,0,0,0,0,2.63945000,5.82773077,0,0,0.29697632,0,0,0.54019091,2.47719444,0.18067778,0.28170054,0,0,0,1.89640000,0.29140000,0,0.00000000,0,0,0,0,0,0,0,0,0,0
2011-10-29,0,0,0,0.00000000,0,0,0,0,0,0,0,0,0,0,4.85920000,35.74860000,0,0,0.04551667,0,0,4.07343636,6.30895143,0.76257500,0.15136000,0,0,0,0.00000000,0.58695000,0,3.27030000,0,0,0,0,0,0,0,0,0,0
2011-10-30,0,0,0,0,0,0,0,0,0,0,0,0,0,0,1.39900000,0,0,0,0.17921786,0,1.73070000,0.69191176,2.50965556,0.84926667,0.30641316,0,0,0,0,1.65170000,0,0.00000000,0,0,0,0,0,0,0,0,0,0
2011-10-31,0,0,0,0,0,0,0,0,0,0,0,0,0,0,0,0,0,0,0.04996444,0,0.00000000,0.99970000,0.61476500,0.86910455,0.01626040,0,0,0,0.00060000,0.00080000,0,0,0,0,0,0,0,0,0,0,0.00000000,0
2011-11-01,0,0,3.02186667,8.87406667,0,0,0,0,0,0,0,0,0,0,2.04944000,3.78640000,0,0,1.90659130,0,1.74040000,4.46265000,0.81054118,6.59375000,0.04892911,0,0,0,0.69985000,0.71231111,0,0,0,0,0,0,0,0,0.37680000,0,0,0
2011-11-02,0,0,18.00220000,39.79875000,0,0,0,0,14.55930000,0,0,0,0,0,26.95310000,0,0,22.37250000,12.46586667,0,20.57420000,18.77871111,8.35362500,49.67030000,4.78288846,0,0,0,10.03000000,16.00610000,0,0,0,0,0,0,0,0,0.00000000,0,0,0
2011-11-03,0,0,0.00000000,59.02595000,0,0,0,0,0.00000000,0,0,0,0,0,4.69301429,121.50206000,0,0,6.22840000,0,9.76750000,3.15679091,5.74952727,57.71057143,2.86670429,0,0,0,0.33665000,3.70488000,0,0,0,0,0,0,0,0,2.48830000,0,0,0
2011-11-04,0,0,4.90640000,76.58080000,0,0,11.10605000,0,10.02470000,0,0,0,0,0,11.56675000,5.24410000,0,0,4.47003750,0,5.78945000,6.77213750,5.98575862,53.37194000,0.64534068,0,0,0,1.38215000,5.33733333,0,0,0,0,0,0,0,0,1.85420000,0,0,0
2011-11-05,0,0,6.18843333,100.44286667,0,0,30.65640000,0,0.00000000,0,0,0,0,0,4.96405000,7.59922500,0,0,7.37292581,0,7.25070000,3.13305000,2.93943333,47.39885000,0.97879079,0,0,0,0,3.38235000,0,0,0,0,0,0,0,0,0,0,0,0
2011-11-06,0,0,0.00000000,73.80470000,0,0,36.32360000,0,0,0,0,0,0,0,0,0.87375000,0,0,0.95006818,0,0,0.55380000,1.11832778,23.61326667,0.87986447,0,0,0,0,1.15930000,0,0,0,0,0,0,0,0,0,0,0,0
2011-11-07,0,0,3.88210000,4.19640000,0,0,0.00000000,0,0,0,0,0,0,0,41.54076667,0.28773333,0,0,1.20119032,0,5.31170000,2.39723913,2.43551500,1.67855000,0.49760344,0,0,0,0.20655000,5.61120000,0,3.01523750,0,0,0,0,0,0,0,0,0,0
2011-11-08,0,0,18.96970000,17.83065000,0,0,0.00000000,0,0,11.26695000,0,0,0,0,20.85394000,27.62406250,0,6.24750000,0.63331500,0,7.50422500,2.95210000,3.22869080,0.24640000,0.36120492,0,0,0,2.30750000,6.90992000,0,1.02073333,0,0,0,0,0,1.69610000,0,0,0,0
2011-11-09,0,0,0.00000000,16.64762000,0,0,0,0,0,0,0,0,0,0,6.56845000,0,0,0.00000000,0.74899091,0,9.73875000,0.54900000,0.72342105,0.74708125,0.11595984,0,0,0,0.92705000,10.27958333,0,0.56453333,0,0,0,0,0,0.00000000,0,0,0,0
2011-11-10,0,0,0,3.54951250,0,0,0,0,0,0,0,0,0,0,2.54591429,11.72484000,0,0.00000000,2.52358571,0,2.48970000,1.47796667,5.82562188,5.78050000,1.93517851,4.10470000,0,0,10.32110000,5.58865333,3.26485000,4.71672000,0,0,0,0,0,0.00000000,0,0,0,0
2011-11-11,0,0,2.35320000,0,0,0,0,0,0,0,0,0,0,0,1.76103333,3.53274286,0,0,1.60770244,0,4.67180000,2.42989286,1.19495333,0.31536667,0.98400644,0,0,0,0.88080000,1.20775172,0,1.47933810,0,0,0,0,0,0,0,1.58080000,0,0
2011-11-12,0,1.25424583,0,2.73351667,0,0,0,0,0,0,0,0,0,0,0.65723333,0.01955000,0,0,0.07666667,0,0,0.07015000,0.20633000,0.00000000,0.04444621,0,0,0,0,0.32688667,0,0.17594211,0,0,0,0,0,0,0,0.00060000,0,0
2011-11-13,0,0.05640000,0.72860000,9.28338571,0,0,0,0,0,0,0,0,0,0,0,0.00570000,0,0,0.44889474,0,0,0.39103333,0.33689545,0.77616667,0.12228438,0,0,0,0,1.15996667,0,1.22805000,0,0,0,0,0,0,0,0.00000000,0,0
2011-11-14,0,0.00000000,1.57860000,25.74410000,0,0,0,0,0,2.15210000,0,0,0,0,1.21155000,3.61790000,0,1.12470000,0.74123103,0,0,2.70942500,0.98128387,2.18783333,2.92135522,0,0,0,2.33610000,3.82237222,0,0.69450000,0,0,0,0,0,0,0,0,0,0
2011-11-15,0,21.19370556,0,31.40426667,0,0,5.42690000,0,0,1.01560000,0,0,0,0,0,0.79585000,0,0.89190000,0.28947500,0,0,0.54083750,0.35355781,2.95750000,0.21929816,0,0,0,0.66345000,0.88937143,0,1.32030000,0,0,0,0,0,0,0,0,0,0
2011-11-16,0,41.36952000,0,0,0,0,8.57970000,0,0,0.00000000,0,0,0,0,11.34110000,1.85310000,0,0.00000000,1.07012576,0,0,1.86867500,0.57114000,1.01743333,0.85586410,0,0,0,2.95585000,3.18250000,0,1.20060000,0,0,0,0,0,0,0,0,0,0
2011-11-17,0,0.00000000,0,99.41970000,0,0,0.00000000,0,0,0,0,0,0,0,52.27250000,15.01405000,0,0.00000000,3.01409722,0,6.79190000,1.26870909,6.53187000,14.48062857,3.60835185,0,0,0,3.18610000,27.44610000,0,6.82955000,0,0,0,0,0,0,0,0,0,0
2011-11-18,0,0,0,0.00000000,0,0,0.00000000,0,0,0,0,0,0,0,1.51735000,0.00000000,0,0,0.29970000,0,12.51860000,0.72867143,1.36111818,22.75156667,4.57446277,0,0,0,0.08310000,8.16110000,0,0,0,0,0,0,0,0,0,0,0,0
2011-11-19,0,0,0,0,0,0,0,0,0,0,0,0,0,0,0.00000000,0,0,0,0.00000000,0,0,0.00000000,0.00000000,0.00000000,0.00000000,0,0,0,0,0,0,0,0,0,0,0,0,0,0,0,0,0
2011-11-20,0,0,0,0,0,0,0,0,0,0,0,0,0,0,0,0,0,0,0.00000000,0,0,0.00000000,0,0.00000000,0.00000000,0,0,0,0,0,0,0,0,0,0,0,0,0,0,0,0,0
2011-11-21,0,83.46820000,0,129.23442308,0,0,0,0,0,68.77310000,0,0,0,0,27.88220000,71.69610000,0,0,35.09026000,0,0,6.27365000,50.71689412,0.65840000,42.61202517,0,0,0,68.09250000,0,0,0,0,0,0,0,0,0,0,0,0,0
2011-11-22,0,0,0,11.78039091,0,0,0,0,0,0,0,0,0,0,2.25515000,0,0,0,0.59183000,0,0,0.23800882,1.21518182,0.41930000,0.58590893,0,0,0,0.95463333,0,0,0,0,0,0,0,0,0,0,0,0,0
2011-11-23,0,28.38170000,13.27010000,26.01844000,0,0,0,0,0,13.14390000,0,0,0,14.28440000,3.59260000,0.01365000,0,1.42280000,2.77269130,0,0,1.45449375,2.14241875,5.34251875,0.53151119,0,0,0,1.96830000,0.43970000,0,0,0,0,0,0,0,0,0,0,0,0
2011-11-24,0,0,0.00000000,32.11850000,0,0,0,0,0,0,0,0,0,0.00000000,0.97810000,0,0,0,0.00140000,0,0,3.66536667,2.01845000,1.11555000,2.03403158,0,0,0,0,0.00000000,0,0,0,0,0,0,0,0,0,0,0,0
2011-11-25,0,0,0.00000000,29.89860000,0,0,0,0,0,0,0,0,0,0.00000000,0.00055000,0,0,0,7.59631111,0,8.66330000,3.02816667,5.40555714,12.30613333,0.27879200,0,0,0,0,2.52220000,0,0,0,0,0,0,0,0,0,0,0,0
2011-11-26,0,0,0,0,0,0,0,0,0,0,0,0,0,0,0,0,0,0,0.00093333,0,0,0.00066667,0.60596316,4.51490000,1.72095333,0,0,0,0,0,0,0,0,0,0,0,0,0,0,0,0,0
2011-11-27,0,0,0,0,0,0,0,0,0,0.00140000,0,0,0,0,7.33480000,7.93940000,0,0,3.67271000,0,0,9.48991818,0.66314138,7.17425000,7.21905581,0,0,0,0,0.00130000,0,0,0,0,0,8.62775000,0,0,0,0,0,0
2011-11-28,0,0,0,0,0,0,0,0,0,0.00000000,0,0,9.91170000,0,0.00078000,0.00110000,0,0.00060000,0.74444545,0,0.48960000,0.10155000,0.28352500,1.25940000,1.14311753,0,0,0,0,0,0,0,0,0,0,0.00330000,0,0,0,0,0,0
2011-11-29,0,0,0,0,0,0,0,0,0,0,0,0,0,0,0.00100909,0.00080000,0,0,0.00272500,0,0.00062000,0.00244000,0.00098000,0.00084444,0.00227838,0,0,0,0.00088333,0,0,0,0,0,0,0.00000000,0,0,0,0,0,0
2011-11-30,0,0.57470000,0,0,0,0,0,0,0,0,0,0,0,0,25.16140000,40.38080000,0,4.22440000,6.44348929,0,0,23.70269412,11.06195000,9.09006154,5.25972160,0,0,0,0.93910000,0.92330000,0,14.14016667,0,0,0,0,0,0,0,0,0,0
2011-12-01,0,0,2.92500000,0,0,0,0,0,0,4.75412000,0,0,0,0,7.76140769,0.28744444,0,0,7.13766975,0,0,15.75507368,12.55909500,3.28382500,1.93995230,0,0,0,0.11125000,0.00000000,0,13.07385714,0,0,0,0,0,0,0,0,0,0
2011-12-02,0,0,1.41120000,0,0,0,0,0,0,0.62335000,0,0,0,0,30.16084000,0.17578000,0,0,1.69615309,0,0,0.12947000,7.58133000,1.12918889,0.22337500,0,0,0,0.85110000,0.14330000,0,0.00000000,0,0,0,0,0,0,1.70580000,0,0,0
2011-12-03,0,0,18.01504286,0,0,0,0,0,0,0.00000000,0,0,0,0,0.00000000,0,0,0,0.00289000,0,0,0.36477500,9.36447000,5.29272000,1.84097623,0,0,0,0,17.49190000,0,21.39280000,0,0,0,0,0.02500000,0,0,0,0,0
2011-12-04,0,0,0.00110000,0,0,0,0,0,0,1.14641250,0,0,0,0,0,0,0,0,0.18862632,0,0.75080000,0.18619091,0.32178571,0.21516667,0.14675450,0,0,0,0,0.31030000,0,0.00000000,0,0,0,0,0.00155000,0,0,0,0,0
2011-12-05,0,0,18.38718000,0,0,0,0,0,0,8.86170000,0,0,0,0,10.72867500,0.75063333,0,0,0.86705455,0,0,2.92180000,1.83919375,7.57390000,1.26082764,0,0,0,2.81690000,8.99390000,0,0.31225000,0,0,0,0,0.00000000,0,0,0,0,0
2011-12-06,0,0,35.46910000,0,0,0,0,0,0,0,0,0,0,0,0.00000000,0.29375000,0,0,2.77810000,0,0,6.04077778,1.41250000,1.30900000,0.68553279,0,0,0,5.88500000,0,0,0.00000000,0,0,0,0,0,0,0,0,0,0
2011-12-07,0,0,65.51970000,0,0,0,0,0,0,54.82420000,0,0,0,0,21.65460000,28.61060000,0,0,22.91700000,0,0,25.31093333,19.16487500,0.00000000,14.26429600,0,0,0,12.46280000,25.98330000,0,24.05860000,0,0,0,0,0,0,0,0,0,0
2011-12-08,0,0,74.59638750,0,0,0,0,0,0,3.03190000,0,0,0,0,17.82790000,2.99094000,0,0,9.75087059,0,42.75360000,26.40096667,3.89337368,14.89394000,12.02234639,0,0,0,0.21060000,1.36610000,0,0,0,0,0,0,0,0,0,1.50720000,0,0
2011-12-09,0,0,36.49760000,0,0,29.07560000,0,0,0,0.00000000,0,0,0,0,0.37963333,1.63870000,0,0,2.07074286,0,0,10.17500000,6.76383333,1.27925000,4.64596862,0,0,0,0,4.91940000,0,54.77690000,0,0,0,0,0.84530000,0,0,0.00000000,0,0
2011-12-10,0,0,65.72801667,0,0,0,0,0,0,14.29970000,0,0,0,0.87890000,0.00000000,12.26593333,0,0,5.44332222,0,10.42140000,0.00000000,8.44441429,3.66424000,4.29845094,0,0,0,0,2.21530000,0,0,0,0,0,0,0,0,1.29530000,0,0,0
2011-12-11,0,0,87.89906667,0,0,0,0,0,0,0,0,0,0,8.53920000,0,3.66820000,0,0,1.97703333,0,0,3.84275455,3.05761250,2.77985000,11.05682810,0,0,0,0,1.03030000,0,0,0,0,0,0,0,0,0,0,0,0
2011-12-12,0,0,103.89485000,0,0,0,0,0,0,6.89920000,0,0,0,0,71.88640000,5.65930000,0,0,3.00010000,0,6.57080000,3.85316667,7.05985556,15.61285000,4.44656312,0,0,0,0,0.00000000,0,0,0,0,0,0,0,1.09830000,0,0,0,0
2011-12-13,0,5.47710000,140.91140000,0,0,0,0,0,0,18.11750000,0,0,0,0,0,6.19796667,0,0,10.21666667,0,0.00000000,14.22900000,2.23212222,8.79213333,7.20805086,0,0,0,12.24000000,0.57670000,0,0,0,0,0,0,0,0,0,0,0,0
2011-12-14,192.34060000,0,30.46460000,0,0,25.51170000,0,27.04420000,0,9.49555000,0,0,0,0,0,6.92396364,0,21.59260000,4.82786400,0,0,32.59990000,25.60146667,19.63492500,24.55227615,0,0,0,0,7.12360000,0,0,0,0,0,0,0,0,0,0,0.00000000,0
2011-12-15,0,0,36.86888889,0,0,0,0,0.00000000,0,5.47780000,0,0,0,0,0,0.00000000,0,6.07220000,0.53556000,0,6.06720000,0.58070000,0.00094000,0.18906667,0.23122530,0,0,0,0,0.00000000,0,0,0,0,0,0,0,0,0,0,0,0
2011-12-16,0,0,23.80567500,0,0,0,0,0.31000000,0,0,0,0,0,0,27.65000000,15.56616667,0,26.15030000,18.33336667,0,0.00000000,13.72076250,44.54180000,24.34444000,13.48472797,0,0,0,0,0.60040000,0,0,0,0,0,0,0,0,0,0,0,0
2011-12-17,0,0,31.96565333,0,0,0,0,0.00000000,0,0,0,0,0,0,0.00140000,0.00110000,0,8.73576667,0.00110000,0,0.00080000,0.03131250,11.24780000,106.34890000,0.00240000,0,0,0,0,2.89555000,0,0,0,0,0,0,0,0,0,0,0,0
2011-12-18,0,0,17.53399756,0,0,0,0,0.00000000,0,0,0,0,0,0,0.00900000,0.00203333,0,15.21280000,2.89325833,0,0.00190000,0.00685000,0.00245714,0.00220000,0.00186667,0,0,0,0,0.00000000,0,0,0.00190000,0,0,0,0,0,0,0,0,0
2011-12-19,0,0,33.50599726,0,0,0,0,0,0,0,0,0,0,0,0.00140000,10.32846667,0,1.11525000,0.04091538,0,0,0.00852500,4.28137111,28.65150000,0.21493333,0,0,0,0,0.00140000,0,0,0,0,0,0,0,0,0,0,0,0.00470000
2011-12-20,0,0,57.52146875,0.69680000,0,0,0,0,0,0,0,0,0,0,0.00000000,0.73218750,0,0,0.51976383,0,0,0.44876364,0.63319000,1.13950000,0.00275862,0,0,0,0,1.35390000,0,0,0,0,0,0,0,0,0,0,0,0.00000000
2011-12-21,0,0,79.24681000,10.54259231,0,0,0,0,0,0,0,0,3.74110000,0,0,3.19530000,0,4.53146667,1.20175417,0,0,1.00575000,1.91730000,3.74943333,0.02852308,0,0,0,0,7.85140000,0,0,0,0,0,0,0,0,0,0,0,0.00000000
2011-12-22,0,0,107.72324615,26.21600000,0,0,0,0,0,0,0,0,0.00000000,0,5.38195000,6.84980000,0,5.95250000,2.84930000,0,0,6.64632000,5.41437143,9.96875000,40.76848571,0,0,0,0,6.51430000,0,0,0,0,0,0,0,0,0,0,0,0.00000000
2011-12-23,0,0,129.60695882,49.09041250,0,0,0,0,0,0,0,0,0.00110000,0,0.00000000,0.08790000,0,0,0.54343462,0,0,1.16276667,20.68415000,2.99235000,0.00000000,0,0,4.00055000,0,5.88400000,0,0,0,0,0,0,0,0,0,0,0,0
2011-12-24,0,0,151.48955000,56.30150500,0,0,0,0,0,0,0,0,0,0,0.00000000,0.00000000,0,1.33490000,0.42206667,0,0,1.17705000,9.85916667,1.60390000,0.00128000,0,0,0.00000000,0,19.70510000,0,0,0,0,0,0,0,0,0,0,0,0
2011-12-25,0,0,31.55220000,0.00000000,0,0,0,0,0,0,0,0,2.12530000,0,0.02000000,0,0,0.00000000,1.41260000,0,0.17805000,0.68830000,24.95085000,1.06666667,0,0,0,0,0,6.33695000,0,15.96670000,0,0,0,0,0,0,0,0,0,0
2011-12-26,0,0,50.74868400,2.07610909,0,0,0,0,0,0,0,0,0,0,0.00310000,0,0,0.30766667,0.04764359,0,0.00000000,0.00000000,0.00306000,0.00326667,0,0,0,0,0,0.30030000,0,0.10420000,0,0,0,0,0,0,0,0,0.00000000,0
2011-12-27,0,0,71.24328906,16.89649286,0,0,0,0,0,0,0,0,0,0,0.00000000,0,0,0,0.31695000,0,0,0.00280000,2.26980000,0.87055000,146.22632500,0,0,0,0,0.06093333,0,0.00000000,0,0,0,0,3.63955000,0,0,0,0,0
2011-12-28,0,0,92.78673276,35.17818421,0,0,0,0,0,205.43720000,0,0,0,0,0.00000000,43.42750000,0,0,8.10346667,0,0,0.00170000,1.04218571,0.00310000,0.00207500,0,0,0,0,0.05360000,0,0.41863333,0,0,0,0,0,0,0,0,0.00000000,0
2011-12-29,0,0,123.04168730,0,0,0,0,0,0,0,0,0,0,0,2.68470000,0,0,1.54640000,0.32070000,0,0.83360000,0.00000000,1.75390000,0.00166667,180.51507037,0,0,0,0,0.34420000,0,0.00175000,0,0,0,0,7.32183333,0,0,0,0,0
2011-12-30,0,1.60735000,125.48292069,0,0,0,0,0,0,0,0,0,0,0,0.00000000,0.00110000,0,0,0.00731818,0,0.00180000,0,0.00000000,0.00110000,0,0,0,0,0,0.00000000,0,0.03690000,0,0,0,0,0.00000000,0,0,0,0,0
2011-12-31,0,0.07160000,157.63768018,0,0,0,0,0,0,0,0,0,0,0,0.02378000,0.00110000,0,0,2.92122727,0,0,0.00080000,45.41810000,0.00125000,0.00117500,0,0,0,0,0.01203333,0,0.00000000,0,0,0,0,0,0,0,0,0,0
2012-01-01,0,0.00000000,13.77890526,0,0,0,0,0,0,0,0,0,0,0,0.00000000,0.00000000,0,2.20770000,1.17404828,0,0,0.00000000,1.53948750,0.00000000,0.00060000,0,0,0,0,0.00000000,0,0.00000000,0,0,0,0,0,0,0,0.14780000,0,0
2012-01-02,0,0,6.91718571,0,0,0,0,0,0,0,0,0,0,0,0,0.37890000,0,1.62036667,0.37047500,0,0,2.29833333,0.00060000,0.00000000,0.00071111,0,0,0,0,0.01930000,0,0,0,0,0,0,0,0,0,1.25690000,0,0
2012-01-03,0,3.02628000,9.17368571,0,0,0,0,0,0,0,0,0,0,0,0.58490000,7.21323333,0,9.79520000,6.43678438,0,4.26580000,3.83301429,7.54748182,0.38665000,30.62833750,0,0,0,0,0.00205000,0,0,0,0,0,0,0,0,0,0,0,0
2012-01-04,0,0.01010000,0.00000000,0,0,0,0,0,0,0,0,0,0,0,0.00125000,0.00142857,0,0.00556667,0.32150000,0,0,0.00165000,0.22410000,0,211.00857959,0,0,0,0,0.00103333,0,0,0,0,0,0,0.00110000,0,0,0,0,0
2012-01-05,0,0.00000000,0,0,0,0,0,0,0,5.80080000,0,0,0,0,0,56.84730000,0,0.03341429,6.95017037,0,0,0.04796667,16.38187500,1.27810000,57.85570000,0,0,0,0,0.00110000,0,0.00080000,0,0,0,0.00080000,0.00122000,0,0,0,0.00000000,0
2012-01-06,0,0,0,0,0,0,0,0,0,0.00000000,0,0,0,0,0,0.32526667,0,1.32554211,0.20703788,0,0,0.87295000,1.03315600,0.09274444,125.08999000,0,0,0,0,7.35030000,0,1.51440000,0,0,0,0.00000000,0,0,0,0,0,0
2012-01-07,0,0,0,0,0,0,0,0,0,0.00000000,0,0,0,0,0.00170000,0.00000000,0,0.00000000,1.16404583,0,0,4.15402500,0.00161111,0.00137500,62.69834861,0,0,0,0,0.00140000,0,0.00000000,0.00140000,0,0,0,0,0,0,0,6.51190000,0
2012-01-08,0,0,0,0,0,0,0,0,0,0,0,0,0,0,0,0.00000000,0,0,1.26368148,0,0,0.00129167,0.00142857,0.00140000,171.69429737,0,0,0,0,0.00170000,0,0.00000000,0,0,0,0,0,0,0,0,0.00000000,0
2012-01-09,0,0,0.38735000,0,0,0,0,0,0,0,0,0,0,0,0,0.00765000,0,0.45053636,0.00335000,0,0,0.00154545,0.02937778,0.00140000,44.32364348,0,0,0,0,0.00000000,0,0.00000000,0,0,0,0,0,0,0,0,0,0
2012-01-10,0,0,0.00140000,0,0,0,0,0,0,0,0,0,0,0,0.00145714,0.00000000,0,0.01729167,0.25773448,0,0,12.76652222,0.00110000,0.00235000,18.26668793,0,0,0,0,0.00140000,0,0,0,0,0,0,0,0,0,0,0,0
2012-01-11,0,0,0,0,0,0,0,0,0,18.82860000,0,0,0,0,12.56815000,3.87971667,0,16.44047500,20.97725143,0,0,17.52639091,30.62290000,26.76725000,124.87164717,0,0,0,0,2.44060000,0,24.79622500,0,0,0,0,0,0,0,0,0,0
2012-01-12,0,1.41610000,0,0,0,0,0,0,0,2.71030000,0,0,0,0,8.08870000,3.99500000,0,2.34832857,2.20808974,0,0,0.00140000,2.22911250,0.50597500,125.57271806,0,0,0,0,0.00000000,0,1.70016000,0,0,0,0,0,0,0,0,0,0
2012-01-13,0,0,0,0,0,0,0,0,0,0.00000000,0,0,0,0,4.24250000,2.45440000,0,1.62939286,0.34078529,0,2.13890000,0.00000000,2.14398214,0.01286667,48.05026667,0,0,0,0,0.00250000,0,0.00206000,0,0,0,0,0,0,0,0,0,0
2012-01-14,0,0,0,0,0,0,0,0,0,0,0,0,3.53060000,0,0,4.00727500,0,1.21395000,1.50843333,0,0,0,0.56307241,0.00140000,4.07184211,0,0,0,0,0.00000000,0,5.28250000,0,0,0,0,0,0,0,0,0,0
2012-01-15,0,0,0,0,0,0,0,0,0,0.00140000,0,0,3.00255000,0,0.60330000,0.00170000,0,8.04075000,7.79796471,0,0,0.00165000,0.00434681,11.52410000,19.32570000,0,0.00420000,0,0,3.03060000,0,0.00055000,0,0,0,0,0,0,0,0,0,0
2012-01-16,0,0,0,0,0,0,0,0,0,5.96440000,0,0,1.37353333,0,0.70920000,0.17386667,0,2.81181176,3.12296667,0,4.77820000,1.62154762,0.59773333,0.86860000,29.84635278,0,0,0,0,0.32830000,0,1.53028333,0,0,0,0,0,0,0,0,0,0
2012-01-17,0,0,4.14275000,0,0,0,0,0,0,0.00000000,0,0,4.55420000,0,3.48203333,0.00000000,0,5.64410714,2.37337778,0,0,1.89022727,5.88503214,1.64776667,30.76518947,0,0,0,0,0.00000000,0,0.61803913,0,0,0,0,0,0,0,0,0,0
2012-01-18,0,0,9.53423000,0,0,0,3.97970000,0,0,0.00000000,0,0,0,0,2.85631429,16.87860000,0,11.80079167,0.90802558,0,0,0.28964286,1.16525000,4.58930000,49.36092203,0,4.83540000,0,0,0,0,5.17928000,0,0,0,0,0,0,0,0,0,0
2012-01-19,0,0,19.75437222,0,0,0,24.19580000,0,0,0,0,0,0,0,6.43323333,17.86500000,0,24.74021111,8.92762558,0,0,4.91836250,4.97958333,0.12585000,24.34887049,0,6.73610000,0,0,0,0,3.04640000,0,0,0,0,0,0,0,0,0,0
2012-01-20,0,5.02580000,6.64008710,0,0,0,0.00000000,0,0,0,0,0,29.39570000,0,7.99046000,0.39390000,0,23.93933636,3.98383514,0,0,0.38571429,3.60529412,32.77890000,16.18642088,0,0.00000000,0,0,0,0,0.53150000,0,0,0,0,0,0,0,0,0,0
2012-01-21,0,0.00170000,16.51289000,0,0,0,0.00000000,0,0,0,0,0,0,0,0.00165000,0.09220000,0,0.00618000,2.72169000,0,0,7.77109333,2.32206604,4.46180000,28.53492706,0,0,0,0,0,0,0.00167500,0,0,0,0,0,0,0,0,0,0
2012-01-22,0,0.27720000,17.90010000,0,0,0,0,0,0,0,0,0,0,0,0,0.19945000,0,0.96812500,0.30260247,0,0,0.55603000,1.11658523,0.28600000,19.57829667,0,0,0,0,0,0,0.00000000,0,0,0,0,0,0,0,0,0,0
2012-01-23,0,0.12320000,19.80183548,0,0,0,0.88155000,0,0,3.50250000,0,0,0,0,3.55945000,0.39350000,0,3.63022000,1.06932308,0,0,1.07705714,4.63481071,0.00640000,10.92195487,0,0,0,0,3.09360000,0,0.52750000,0,0,0,0,0,0,0,0,0,0
2012-01-24,0,1.49430000,18.20998462,0,0,0,0.00000000,0,0,0,0,0,0,0,7.35745000,2.72935000,0,9.19656667,2.14909800,0,0,3.26437143,1.19507241,11.13710000,9.54007059,0,0,0,0,0.00000000,0,0,0,0,0,0,0,0,0,0,0,0
2012-01-25,0,0,35.65837143,0,0,0,0.00000000,0,0,0,0,0,0,0,2.78477273,3.99346000,0,23.45736250,2.68085714,0,0,1.70971818,7.13345909,15.03000000,20.31208553,0,0,0,0,0.00000000,0,0,0,0,0,0,0,0,0,0,0,0
2012-01-26,0,33.96970000,59.31412857,0,0,0,0,0,0,1.65810000,0,0,0,0,1.27210000,0.86067500,0,0.00000000,2.05884500,0,1.19806667,0.18138571,2.26016111,5.85442143,23.08961739,0,0,0,0,0,0,0,0,0,0,0,0,0,0,0,0,0
2012-01-27,0,0.00000000,76.40444444,0,0,0,0,0,0,0.00000000,0,0,0,0,6.10075000,3.49930000,0,0,0.91855714,0,7.90360000,1.49327000,6.67703704,2.62560000,23.02172553,0,0,0,0,0,0,0,0,0,0,0,0,0,0,0,0,0
2012-01-28,0,0.00000000,36.29857143,0,0,0,0,0,0,0,0,0,0,0,37.57890000,27.34485000,0,0,4.14570417,0,0,2.83662857,16.24267778,13.98670000,26.38865316,0,0,0,0,0,0,0,0,0,0,0,0,0,0,0,0,0
2012-01-29,0,27.28440000,47.38685000,0,0,0,0,0,0,0,0,0,0,0,16.47985000,3.06470000,0,0.29690000,4.50565789,0,0,1.90340000,12.39393077,8.01786667,58.13927241,0,0,0,0,0,0,10.65610000,0,0,0,0,0,0,0,0,0,0
2012-01-30,0,0.00000000,50.28845714,0,0,0,87.81640000,0,0,1.91970000,0,0,0,0,66.53750000,0.58203333,0,23.12330000,4.40284000,0,0,5.81990000,9.11837368,0.81560000,20.73510484,0,0,0,0,0,0,0.00000000,0,0,0,0,0,0,0,0,0,0
2012-01-31,0,0,0.00000000,0,0,0,0.00000000,0,0,0.00000000,0,0,0,0,0.00000000,0.00000000,0,0,0.00000000,0,0,0.00000000,0.00000000,0.00000000,0.00000000,0,0,0,0,0,0,0.00000000,0,0,0,0,0,0,0,0,0,0
